Product,Country,Year,Population,Production (t),production__tonnes__per_capita,Production per capita (kg),Yield (t/ha),Yield (kg/animal),Land Use (ha),area_harvested__ha__per_capita,Land Use per capita (mÂ²),Producing or slaughtered animals,Producing or slaughtered animals per capita,Imports (t),imports__tonnes__per_capita,Imports per capita (kg),Exports (t),exports__tonnes__per_capita,Exports per capita (kg),Domestic supply (t),domestic_supply__tonnes__per_capita,Domestic supply per capita (kg),Food (t),food__tonnes__per_capita,Food per capita (kg),Animal feed (t),feed__tonnes__per_capita,Animal feed per capita (kg),Other uses (t),other_uses__tonnes__per_capita,Other uses per capita (kg),Supply chain waste (t),waste_in_supply_chain__tonnes__per_capita,Supply chain waste per capita (kg),Food supply (kg per capita per year),Food supply (g per capita per day),Food supply (kcal per capita per day),Food supply (Protein g per capita per day),Food supply (Fat g per capita per day)
,Burundi,1961,2815976.0,8000.0,0.0028409334,2.8409334,0.9302,,8600.0,0.0030540032,30.540032,,,,,,,,,,,,,,,,,,,,,,,,,,,,
,Burundi,1962,2887397.0,8000.0,0.0027706616,2.7706616,0.9302,,8600.0,0.0029784613,29.784613,,,,,,,,,,,,,,,,,,,,,,,,,,,,
,Burundi,1963,2948131.0,8100.0,0.0027475033,2.7475033,0.931,,8700.0,0.0029510222,29.510222,,,,,,,,,,,,,,,,,,,,,,,,,,,,
,Burundi,1964,3033227.0,8200.0,0.0027033915,2.7033915,0.93179995,,8800.0,0.0029012007,29.012007,,,,,,,,,,,,,,,,,,,,,,,,,,,,
,Burundi,1965,3118139.0,8000.0,0.0025656328,2.5656328,0.94119996,,8500.0,0.002725985,27.259850000000004,,,,,,,,,,,,,,,,,,,,,,,,,,,,
,Burundi,1966,3193389.0,8100.0,0.0025364903,2.5364903,0.9205,,8800.0,0.0027556932,27.556932,,,,,,,,,,,,,,,,,,,,,,,,,,,,
,Burundi,1967,3274496.0,8300.0,0.0025347413,2.5347413000000003,0.92219996,,9000.0,0.0027485145,27.485145,,,,,,,,,,,,,,,,,,,,,,,,,,,,
,Burundi,1968,3352406.0,8500.0,0.0025354924,2.5354924,0.94439995,,9000.0,0.002684639,26.84639,,,,,,,,,,,,,,,,,,,,,,,,,,,,
,Burundi,1969,3424431.0,8400.0,0.0024529623,2.4529623000000003,0.93329996,,9000.0,0.002628174,26.28174,,,,,,,,,,,,,,,,,,,,,,,,,,,,
,Burundi,1970,3497842.0,8800.0,0.0025158369,2.5158369,0.88,,10000.0,0.0028589056,28.589056,,,,,,,,,,,,,,,,,,,,,,,,,,,,
,Burundi,1971,3582080.0,8994.0,0.0025108317,2.5108317,0.8818,,10200.0,0.0028475076,28.475076,,,,,,,,,,,,,,,,,,,,,,,,,,,,
,Burundi,1972,3579196.0,8095.0,0.002261681,2.2616810000000003,0.8994,,9000.0,0.0025145311,25.145311,,,,,,,,,,,,,,,,,,,,,,,,,,,,
,Burundi,1973,3571455.0,9192.0,0.002573741,2.573741,0.9676,,9500.0,0.0026599802,26.599802,,,,,,,,,,,,,,,,,,,,,,,,,,,,
,Burundi,1974,3660036.0,7354.0,0.0020092698,2.0092698,0.8171,,9000.0,0.0024589922,24.589922,,,,,,,,,,,,,,,,,,,,,,,,,,,,
,Burundi,1975,3749235.0,9284.0,0.0024762384,2.4762384,0.9284,,10000.0,0.0026672108,26.672108,,,,,,,,,,,,,,,,,,,,,,,,,,,,
,Burundi,1976,3830894.0,9600.0,0.0025059425,2.5059425,0.96,,10000.0,0.0026103568,26.103568000000003,,,,,,,,,,,,,,,,,,,,,,,,,,,,
,Burundi,1977,3927429.0,10000.0,0.002546195,2.546195,0.9091,,11000.0,0.0028008146,28.008146000000004,,,,,,,,,,,,,,,,,,,,,,,,,,,,
,Burundi,1978,4039416.0,11000.0,0.002723166,2.723166,0.9565,,11500.0,0.0028469462,28.469462,,,,,,,,,,,,,,,,,,,,,,,,,,,,
,Burundi,1979,4137435.0,9400.0,0.002271939,2.271939,0.94,,10000.0,0.0024169565,24.169565,,,,,,,,,,,,,,,,,,,,,,,,,,,,
,Burundi,1980,4312846.0,9000.0,0.002086789,2.086789,1.0,,9000.0,0.002086789,20.86789,,,,,,,,,,,,,,,,,,,,,,,,,,,,
,Burundi,1981,4490745.0,11000.0,0.0024494822,2.4494822,1.0,,11000.0,0.0024494822,24.494822,,,,,,,,,,,,,,,,,,,,,,,,,,,,
,Burundi,1982,4602275.0,10000.0,0.0021728384,2.1728384,1.0,,10000.0,0.0021728384,21.728384,,,,,,,,,,,,,,,,,,,,,,,,,,,,
,Burundi,1983,4726511.0,11000.0,0.002327298,2.3272980000000003,1.0,,11000.0,0.002327298,23.27298,,,,,,,,,,,,,,,,,,,,,,,,,,,,
,Burundi,1984,4842271.0,10000.0,0.0020651468,2.0651468000000004,1.0,,10000.0,0.0020651468,20.651468,,,,,,,,,,,,,,,,,,,,,,,,,,,,
,Burundi,1985,4948031.0,12000.0,0.002425207,2.425207,1.0,,12000.0,0.002425207,24.25207,,,,,,,,,,,,,,,,,,,,,,,,,,,,
,Burundi,1986,5041711.0,12000.0,0.0023801443,2.3801443,1.0,,12000.0,0.0023801443,23.801443,,,,,,,,,,,,,,,,,,,,,,,,,,,,
,Burundi,1987,5157770.0,12300.0,0.0023847516,2.3847516,1.025,,12000.0,0.002326587,23.265870000000003,,,,,,,,,,,,,,,,,,,,,,,,,,,,
,Burundi,1988,5271844.0,12600.0,0.0023900555,2.3900555,1.05,,12000.0,0.0022762434,22.762434,,,,,,,,,,,,,,,,,,,,,,,,,,,,
,Burundi,1989,5373706.0,12900.0,0.002400578,2.400578,1.0749999,,12000.0,0.0022330957,22.330957,,,,,,,,,,,,,,,,,,,,,,,,,,,,
,Burundi,1990,5483800.0,13100.0,0.0023888545,2.3888545,1.0917,,12000.0,0.0021882637,21.882637,,,,,,,,,,,,,,,,,,,,,,,,,,,,
,Burundi,1991,5594838.0,13400.0,0.0023950648,2.3950648,1.1166999,,12000.0,0.0021448343,21.448343,,,,,,,,,,,,,,,,,,,,,,,,,,,,
,Burundi,1992,5743083.0,13700.0,0.0023854782,2.3854782,1.096,,12500.0,0.0021765314,21.765314,,,,,,,,,,,,,,,,,,,,,,,,,,,,
,Burundi,1993,5555227.0,13400.0,0.0024121427,2.4121427,1.0308,,13000.0,0.0023401384,23.401384,,,,,,,,,,,,,,,,,,,,,,,,,,,,
,Burundi,1994,5586415.0,11075.0,0.001982488,1.982488,1.1075,,10000.0,0.0017900568,17.900568,,,,,,,,,,,,,,,,,,,,,,,,,,,,
,Burundi,1995,5932789.0,14429.0,0.002432077,2.432077,1.4429,,10000.0,0.0016855479,16.855479,,,,,,,,,,,,,,,,,,,,,,,,,,,,
,Burundi,1996,5930512.0,11292.0,0.0019040514,1.9040514,1.1292,,10000.0,0.001686195,16.86195,,,,,,,,,,,,,,,,,,,,,,,,,,,,
,Burundi,1997,5923863.0,16717.0,0.002821976,2.821976,1.6717,,10000.0,0.0016880877,16.880877,,,,,,,,,,,,,,,,,,,,,,,,,,,,
,Burundi,1998,6035347.0,10500.0,0.0017397508,1.7397508,1.1053,,9500.0,0.0015740603,15.740603,,,,,,,,,,,,,,,,,,,,,,,,,,,,
,Burundi,1999,6180189.0,10105.0,0.0016350632,1.6350632,1.1228,,9000.0,0.0014562662,14.562662,,,,,,,,,,,,,,,,,,,,,,,,,,,,
,Burundi,2000,6307665.0,8675.0,0.0013753108,1.3753108,1.0452,,8300.0,0.0013158594,13.158594,,,,,,,,,,,,,,,,,,,,,,,,,,,,
,Burundi,2001,6465731.0,10000.0,0.0015466155,1.5466155,1.0,,10000.0,0.0015466155,15.466155,,,,,,,,,,,,,,,,,,,,,,,,,,,,
,Burundi,2002,6648951.0,10706.0,0.0016101788,1.6101788,1.1637,,9200.0,0.0013836769,13.836769,,,,,,,,,,,,,,,,,,,,,,,,,,,,
,Burundi,2003,6860854.0,10597.0,0.00154456,1.54456,1.0597,,10000.0,0.0014575445,14.575445,,,,,,,,,,,,,,,,,,,,,,,,,,,,
,Burundi,2004,7120502.0,10597.0,0.0014882378,1.4882378,1.1517999,,9200.0,0.0012920437,12.920437,,,,,,,,,,,,,,,,,,,,,,,,,,,,
,Burundi,2005,7388869.0,7754.0,0.0010494164,1.0494164,1.0339,,7500.0,0.0010150403,10.150403,,,,,,,,,,,,,,,,,,,,,,,,,,,,
,Burundi,2006,7658194.0,10756.0,0.0014045087,1.4045087,1.0756,,10000.0,0.0013057909,13.057909,,,,,,,,,,,,,,,,,,,,,,,,,,,,
,Burundi,2007,7944613.0,10741.0,0.0013519853,1.3519853000000002,1.1151,,9632.0,0.0012123939,12.123939,,,,,,,,,,,,,,,,,,,,,,,,,,,,
,Burundi,2008,8278112.0,10742.0,0.0012976389,1.2976389,1.1152999,,9632.0,0.0011635503,11.635503,,,,,,,,,,,,,,,,,,,,,,,,,,,,
,Burundi,2009,8709371.0,10846.0,0.0012453253,1.2453253,1.1152999,,9725.0,0.0011166134,11.166134,,,,,,,,,,,,,,,,,,,,,,,,,,,,
,Burundi,2010,9126612.0,10846.0,0.0011883928,1.1883928,1.1151,,9726.0,0.0010656747,10.656747,,,0.0,0.0,0.0,,,,12000.0,0.0013148362,1.3148362,2000.0,0.00021913937,0.21913937,0.0,0.0,0.0,,,,1000.0,0.000109569686,0.109569686,0.23999995,0.6575341030137,2.0999994,0.059999987,0.019999996
,Burundi,2011,9455737.0,10777.0,0.0011397314,1.1397314,1.1147,,9668.0,0.0010224481,10.224481,,,0.0,0.0,0.0,,,,12000.0,0.0012690708,1.2690708,2000.0,0.00021151181,0.21151181,0.0,0.0,0.0,,,,1000.0,0.000105755906,0.105755906,0.23999983,0.65753377424658,2.0699985,0.059999958,0.019999987
,Burundi,2012,9795479.0,10682.65,0.0010905694,1.0905694,1.1298,,9456.0,0.0009653433,9.653433,,,0.0,0.0,0.0,,,,11000.0,0.001122967,1.122967,2000.0,0.00020417583,0.20417583,0.0,0.0,0.0,,,,1000.0,0.00010208791,0.1020879099999999,0.21000002,0.57534251479452,1.8400003,0.05000001,0.020000003
,Burundi,2013,10149583.0,10645.46,0.0010488569,1.0488569,1.1127,,9567.0,0.0009426003,9.426003,,,0.0,0.0,0.0,,,,11000.0,0.0010837883,1.0837883,2000.0,0.00019705243,0.19705243,0.0,0.0,0.0,,,,1000.0,9.8526216e-05,0.098526216,0.20999993,0.57534226821918,1.8099995,0.049999986,0.019999994
,Burundi,2014,10494920.0,10608.85,0.0010108557,1.0108557,1.112,,9540.0,0.0009090112,9.090112,,,0.0,0.0,0.0,,,,10000.0,0.00095284195,0.95284195,2000.0,0.00019056839,0.19056839,0.0,0.0,0.0,,,,0.0,0.0,0.0,0.18999982,0.5205474468493201,1.6199985,0.03999996,0.01999998
,Burundi,2015,10727153.0,10595.58,0.0009877346,0.9877346,1.1104,,9542.0,0.0008895184,8.895184,,,0.0,0.0,0.0,,,,10000.0,0.0009322138,0.9322138,2000.0,0.00018644276,0.1864427599999999,0.0,0.0,0.0,,,,0.0,0.0,0.0,0.17999996,0.49315057041096,1.5799997,0.039999988,0.019999994
,Burundi,2016,10903329.0,10565.09,0.00096897833,0.96897833,1.1086999,,9529.0,0.0008739533,8.739533,,,0.0,0.0,0.0,,,,10000.0,0.0009171511,0.9171511,2000.0,0.00018343022,0.18343022,0.0,0.0,0.0,,,,0.0,0.0,0.0,0.18000002,0.49315073479452,1.5700002,0.040000003,0.020000001
,Burundi,2017,11155592.0,10540.96,0.0009449037,0.9449037,1.1071,,9521.0,0.0008534733,8.534733,,,0.0,0.0,0.0,,,,10000.0,0.0008964114,0.8964114,2000.0,0.00017928229,0.1792822899999999,0.0,0.0,0.0,,,,0.0,0.0,0.0,0.17999998,0.49315062520548,1.5399997,0.03999999,0.019999996
,Burundi,2018,11493476.0,10486.88,0.0009124202,0.9124202,1.1091,,9455.0,0.0008226406,8.226406,,,0.0,0.0,0.0,,,,10000.0,0.0008700588,0.8700588,2000.0,0.00017401176,0.17401176,0.0,0.0,0.0,,,,0.0,0.0,0.0,0.16999991,0.46575317342466,1.4999992,0.039999977,0.019999988
,Burundi,2019,11874838.0,10487.01,0.00088312867,0.88312867,1.1077,,9467.0,0.0007972319,7.972319,,,0.0,0.0,0.0,,,,10000.0,0.0008421168,0.8421168,2000.0,0.00016842336,0.16842336,0.0,0.0,0.0,,,,0.0,0.0,0.0,0.17000003,0.46575350219178,1.4400003,0.040000007,0.020000003
,Burundi,2020,12220229.0,11000.0,0.0009001468,0.9001468,1.1,,10000.0,0.00081831525,8.1831525,,,8000.0,0.0006546522,0.6546522,,,,19000.0,0.001554799,1.554799,4000.0,0.0003273261,0.3273261,0.0,0.0,0.0,,,,1000.0,8.1831524e-05,0.081831524,0.31000003,0.84931514219178,2.6500003,0.07000001,0.030000003
,Burundi,2021,12551215.0,11000.0,0.0008764092,0.8764092,1.1,,10000.0,0.00079673564,7.9673564,,,0.0,0.0,0.0,,,,11000.0,0.0008764092,0.8764092,2000.0,0.00015934712,0.15934712,0.0,0.0,0.0,,,,1000.0,7.967356e-05,0.07967356,0.16999993,0.46575322821918,1.4999994,0.039999984,0.019999992
,Burundi,2022,12889583.0,11000.0,0.0008534023,0.8534023,1.1,,10000.0,0.0007758203,7.758203,,,,,,,,,,,,,,,,,,,,,,,,,,,,
,Democratic Republic of Congo,1961,15673288.0,19000.0,0.0012122536,1.2122536,0.67859995,,28000.0,0.001786479,17.86479,,,,,,,,,,,,,,,,,,,,,,,,,,,,
,Democratic Republic of Congo,1962,16086081.0,17000.0,0.0010568142,1.0568142,0.6538,,26000.0,0.0016163042,16.163041999999997,,,,,,,,,,,,,,,,,,,,,,,,,,,,
,Democratic Republic of Congo,1963,16517990.0,17000.0,0.001029181,1.029181,0.6538,,26000.0,0.0015740414,15.740414,,,,,,,,,,,,,,,,,,,,,,,,,,,,
,Democratic Republic of Congo,1964,16965852.0,18000.0,0.0010609546,1.0609546,0.6667,,27000.0,0.001591432,15.91432,,,,,,,,,,,,,,,,,,,,,,,,,,,,
,Democratic Republic of Congo,1965,17438258.0,13790.0,0.00079079,0.79079,0.6667,,20685.0,0.001186185,11.86185,,,,,,,,,,,,,,,,,,,,,,,,,,,,
,Democratic Republic of Congo,1966,17941740.0,15440.0,0.00086056313,0.86056313,0.6665,,23167.0,0.0012912349,12.912349,,,,,,,,,,,,,,,,,,,,,,,,,,,,
,Democratic Republic of Congo,1967,18472108.0,8755.0,0.00047395783,0.4739578299999999,0.5837,,15000.0,0.0008120351,8.120351000000001,,,,,,,,,,,,,,,,,,,,,,,,,,,,
,Democratic Republic of Congo,1968,19022798.0,10000.0,0.000525685,0.5256850000000001,0.625,,16000.0,0.00084109604,8.4109604,,,,,,,,,,,,,,,,,,,,,,,,,,,,
,Democratic Republic of Congo,1969,19583128.0,11000.0,0.000561708,0.561708,0.6471,,17000.0,0.0008680942,8.680942,,,,,,,,,,,,,,,,,,,,,,,,,,,,
,Democratic Republic of Congo,1970,20151742.0,22700.0,0.0011264535,1.1264535,0.7346,,30900.0,0.0015333662,15.333662,,,,,,,,,,,,,,,,,,,,,,,,,,,,
,Democratic Republic of Congo,1971,20712952.0,22100.0,0.0010669653,1.0669653,0.6906,,32000.0,0.001544927,15.44927,,,,,,,,,,,,,,,,,,,,,,,,,,,,
,Democratic Republic of Congo,1972,21273414.0,23500.0,0.0011046652,1.1046652,0.7143,,32900.0,0.0015465312,15.465312,,,,,,,,,,,,,,,,,,,,,,,,,,,,
,Democratic Republic of Congo,1973,21853908.0,24200.0,0.0011073535,1.1073535,0.72889996,,33200.0,0.0015191791,15.191791,,,,,,,,,,,,,,,,,,,,,,,,,,,,
,Democratic Republic of Congo,1974,22448416.0,25300.0,0.0011270283,1.1270283,0.7463,,33900.0,0.0015101288,15.101288,,,,,,,,,,,,,,,,,,,,,,,,,,,,
,Democratic Republic of Congo,1975,23052716.0,25000.0,0.0010844709,1.0844709,0.72459996,,34500.0,0.0014965698,14.965698,,,,,,,,,,,,,,,,,,,,,,,,,,,,
,Democratic Republic of Congo,1976,23655016.0,25700.0,0.0010864503,1.0864503,0.7449,,34500.0,0.0014584644,14.584644,,,,,,,,,,,,,,,,,,,,,,,,,,,,
,Democratic Republic of Congo,1977,24256460.0,25900.0,0.0010677568,1.0677568,0.7421,,34900.0,0.001438792,14.38792,,,,,,,,,,,,,,,,,,,,,,,,,,,,
,Democratic Republic of Congo,1978,25015242.0,25800.0,0.0010313712,1.0313712,0.7371,,35000.0,0.001399147,13.99147,,,,,,,,,,,,,,,,,,,,,,,,,,,,
,Democratic Republic of Congo,1979,25902756.0,24400.0,0.0009419847,0.9419847,0.69909996,,34900.0,0.0013473469,13.473469,,,,,,,,,,,,,,,,,,,,,,,,,,,,
,Democratic Republic of Congo,1980,26708692.0,25100.0,0.000939769,0.939769,0.7011,,35800.0,0.0013403876,13.403876,,,,,,,,,,,,,,,,,,,,,,,,,,,,
,Democratic Republic of Congo,1981,27457786.0,22300.0,0.0008121558,0.8121558,0.606,,36800.0,0.0013402392,13.402392,,,,,,,,,,,,,,,,,,,,,,,,,,,,
,Democratic Republic of Congo,1982,28219220.0,26500.0,0.0009390763,0.9390763,0.6992,,37900.0,0.0013430562,13.430562,,,,,,,,,,,,,,,,,,,,,,,,,,,,
,Democratic Republic of Congo,1983,29005180.0,27300.0,0.0009412112,0.9412112,0.7,,39000.0,0.0013445874,13.445874000000002,,,,,,,,,,,,,,,,,,,,,,,,,,,,
,Democratic Republic of Congo,1984,29879850.0,28100.0,0.0009404331,0.9404331,0.7007,,40100.0,0.0013420415,13.420415,,,,,,,,,,,,,,,,,,,,,,,,,,,,
,Democratic Republic of Congo,1985,30800062.0,28700.0,0.0009318163,0.9318163,0.7,,41000.0,0.0013311661,13.311661,,,,,,,,,,,,,,,,,,,,,,,,,,,,
,Democratic Republic of Congo,1986,31725136.0,31200.0,0.0009834473,0.9834473,0.7222,,43200.0,0.0013616963,13.616963,,,,,,,,,,,,,,,,,,,,,,,,,,,,
,Democratic Republic of Congo,1987,32712580.0,30000.0,0.0009170784,0.9170784,0.7194,,41700.0,0.0012747389,12.747389,,,,,,,,,,,,,,,,,,,,,,,,,,,,
,Democratic Republic of Congo,1988,33750044.0,30400.0,0.0009007396,0.9007396,0.717,,42400.0,0.0012562947,12.562947,,,,,,,,,,,,,,,,,,,,,,,,,,,,
,Democratic Republic of Congo,1989,34825892.0,30900.0,0.0008872709,0.8872709,0.72029996,,42900.0,0.0012318421,12.318421,,,,,,,,,,,,,,,,,,,,,,,,,,,,
,Democratic Republic of Congo,1990,35987544.0,34239.0,0.00095141254,0.95141254,0.61,,56130.0,0.0015597063,15.597063,,,,,,,,,,,,,,,,,,,,,,,,,,,,
,Democratic Republic of Congo,1991,37194820.0,30000.0,0.00080656394,0.80656394,0.61,,49180.0,0.0013222272,13.222272,,,,,,,,,,,,,,,,,,,,,,,,,,,,
,Democratic Republic of Congo,1992,38332300.0,30930.0,0.0008068913,0.8068913,0.611,,50622.0,0.0013206095,13.206095,,,,,,,,,,,,,,,,,,,,,,,,,,,,
,Democratic Republic of Congo,1993,39580848.0,31900.0,0.00080594537,0.80594537,0.612,,52124.0,0.0013168996,13.168996,,,,,,,,,,,,,,,,,,,,,,,,,,,,
,Democratic Republic of Congo,1994,41511988.0,32880.0,0.00079206034,0.7920603399999999,0.612,,53725.0,0.0012942045,12.942044999999998,,,,,,,,,,,,,,,,,,,,,,,,,,,,
,Democratic Republic of Congo,1995,43285788.0,80260.0,0.0018541883,1.8541883,0.654,,122722.0,0.0028351569,28.351569,,,,,,,,,,,,,,,,,,,,,,,,,,,,
,Democratic Republic of Congo,1996,44118716.0,82470.0,0.0018692747,1.8692747,0.66099995,,124766.0,0.0028279608,28.279608,,,,,,,,,,,,,,,,,,,,,,,,,,,,
,Democratic Republic of Congo,1997,44822200.0,26920.0,0.00060059526,0.6005952600000001,0.66099995,,40726.0,0.0009086123,9.086123,,,,,,,,,,,,,,,,,,,,,,,,,,,,
,Democratic Republic of Congo,1998,45895532.0,27640.0,0.0006022373,0.6022373000000001,0.66099995,,41815.0,0.0009110909,9.110909,,,,,,,,,,,,,,,,,,,,,,,,,,,,
,Democratic Republic of Congo,1999,47227236.0,28393.0,0.0006011997,0.6011997,0.6611,,42950.0,0.0009094328,9.094328,,,,,,,,,,,,,,,,,,,,,,,,,,,,
,Democratic Republic of Congo,2000,48616328.0,34310.0,0.00070573,0.70573,0.66099995,,51906.0,0.001067666,10.676660000000002,,,,,,,,,,,,,,,,,,,,,,,,,,,,
,Democratic Republic of Congo,2001,50106660.0,35231.0,0.0007031201,0.7031201,0.66099995,,53300.0,0.0010637308,10.637308,,,,,,,,,,,,,,,,,,,,,,,,,,,,
,Democratic Republic of Congo,2002,51662080.0,36150.0,0.00069973955,0.69973955,0.6683,,54090.0,0.0010469962,10.469962,,,,,,,,,,,,,,,,,,,,,,,,,,,,
,Democratic Republic of Congo,2003,53205640.0,36420.0,0.0006845139,0.6845139,0.66099995,,55098.0,0.0010355669,10.355669,,,,,,,,,,,,,,,,,,,,,,,,,,,,
,Democratic Republic of Congo,2004,54815608.0,36690.0,0.0006693349,0.6693349000000001,0.66099995,,55507.0,0.0010126131,10.126131,,,,,,,,,,,,,,,,,,,,,,,,,,,,
,Democratic Republic of Congo,2005,56550244.0,36970.0,0.0006537549,0.6537548999999999,0.66099995,,55930.0,0.000989032,9.89032,,,,,,,,,,,,,,,,,,,,,,,,,,,,
,Democratic Republic of Congo,2006,58381636.0,37250.0,0.0006380431,0.6380431,0.66099995,,56354.0,0.0009652693,9.652693,,,,,,,,,,,,,,,,,,,,,,,,,,,,
,Democratic Republic of Congo,2007,60289424.0,37530.0,0.00062249723,0.62249723,0.66099995,,56778.0,0.00094175723,9.4175723,,,,,,,,,,,,,,,,,,,,,,,,,,,,
,Democratic Republic of Congo,2008,62249724.0,37810.0,0.0006073922,0.6073921999999999,0.66099995,,57201.0,0.00091889565,9.1889565,,,,,,,,,,,,,,,,,,,,,,,,,,,,
,Democratic Republic of Congo,2009,64270236.0,38092.0,0.0005926849,0.5926849,0.66099995,,57625.0,0.0008966048,8.966048,,,,,,,,,,,,,,,,,,,,,,,,,,,,
,Democratic Republic of Congo,2010,66391260.0,38385.0,0.0005781634,0.5781634,0.6612,,58052.0,0.0008743922,8.743922,,,0.0,0.0,0.0,,,,38000.0,0.0005723645,0.5723644999999999,25000.0,0.0003765556,0.3765556,0.0,0.0,0.0,,,,2000.0,3.0124447e-05,0.030124447,0.38,1.04109588,3.31,0.09,0.04
,Democratic Republic of Congo,2011,68654272.0,38606.0,0.0005623248,0.5623248,0.66459996,,58091.0,0.00084613817,8.4613817,,,0.0,0.0,0.0,,,,39000.0,0.0005680637,0.5680637,25000.0,0.0003641434,0.3641434,0.0,0.0,0.0,,,,2000.0,2.9131472e-05,0.029131472,0.37,1.01369862,3.22,0.09,0.03
,Democratic Republic of Congo,2012,70997872.0,45583.0,0.00064203335,0.64203335,0.66719997,,68325.0,0.0009623528,9.623528,,,0.0,0.0,0.0,,,,46000.0,0.00064790674,0.64790674,30000.0,0.00042254786,0.42254786,0.0,0.0,0.0,,,,2000.0,2.8169858e-05,0.028169858,0.41999996,1.1506848104109602,3.6699998,0.099999994,0.039999995
,Democratic Republic of Congo,2013,73460032.0,46034.0,0.00062665367,0.62665367,0.6656,,69166.0,0.000941546,9.41546,,,0.0,0.0,0.0,,,,46000.0,0.00062619086,0.62619086,30000.0,0.00040838533,0.40838533,0.0,0.0,0.0,,,,2000.0,2.722569e-05,0.0272256899999999,0.40999994,1.12328749561644,3.5899994,0.09999999,0.039999995
,Democratic Republic of Congo,2014,76035592.0,46080.0,0.000606032,0.6060319999999999,0.6674,,69040.0,0.0009079958,9.079958,,,0.0,0.0,0.0,,,,46000.0,0.0006049798,0.6049798,30000.0,0.00039455207,0.39455207,0.0,0.0,0.0,,,,2000.0,2.630347e-05,0.02630347,0.4,1.0958904,3.47,0.09,0.04
,Democratic Republic of Congo,2015,78656904.0,43776.45,0.00055654935,0.55654935,0.6694,,65395.0,0.00083139556,8.3139556,,,0.0,0.0,0.0,,,,44000.0,0.00055939145,0.5593914499999999,29000.0,0.00036868983,0.36868983,0.0,0.0,0.0,,,,2000.0,2.5426883e-05,0.0254268829999999,0.36999997,1.0136985378082202,3.1899998,0.089999996,0.029999997
,Democratic Republic of Congo,2016,81430976.0,45296.82,0.0005562603,0.5562603,0.6674,,67867.0,0.0008334298,8.334297999999999,,,0.0,0.0,0.0,,,,41000.0,0.0005034939,0.5034939,27000.0,0.00033156914,0.33156914,0.0,0.0,0.0,,,,2000.0,2.4560679e-05,0.024560679,0.33,0.90410958,2.88,0.08,0.03
,Democratic Republic of Congo,2017,84283272.0,42943.27,0.00050951116,0.5095111600000001,0.6681,,64272.0,0.00076257123,7.6257123,,,0.0,0.0,0.0,0.0,0.0,0.0,41000.0,0.00048645478,0.48645478,27000.0,0.00032034828,0.32034828,0.0,0.0,0.0,,,,2000.0,2.37295e-05,0.0237295,0.32,0.8767123200000001,2.77,0.07,0.03
,Democratic Republic of Congo,2018,87087352.0,41227.61,0.00047340523,0.47340523,0.66899997,,61625.0,0.00070762285,7.076228499999999,,,0.0,0.0,0.0,,,,41000.0,0.00047079168,0.47079168,27000.0,0.00031003353,0.31003353,0.0,0.0,0.0,,,,2000.0,2.2965447e-05,0.022965447,0.31,0.84931506,2.69,0.07,0.03
,Democratic Republic of Congo,2019,89906896.0,39564.0,0.00044005524,0.4400552399999999,0.6703,,59023.0,0.0006564902,6.564902,,,0.0,0.0,0.0,0.0,0.0,0.0,45000.0,0.0005005178,0.5005178,30000.0,0.00033367853,0.33367853,0.0,0.0,0.0,,,,2000.0,2.2245235e-05,0.022245235,0.32999998,0.9041095252054802,2.8599997,0.07999999,0.029999997
,Democratic Republic of Congo,2020,92853168.0,39953.0,0.0004302815,0.4302815,0.6688,,59736.0,0.0006433383,6.433383,,,0.0,0.0,0.0,,,,40000.0,0.00043078768,0.43078768,27000.0,0.00029078167,0.29078167,0.0,0.0,0.0,,,,1000.0,1.07696915e-05,0.0107696915,0.28999996,0.79452043041096,2.5099998,0.06999999,0.029999996
,Democratic Republic of Congo,2021,95894120.0,39471.0,0.00041161024,0.4116102399999999,0.66929996,,58976.0,0.00061501167,6.1501167,,,0.0,0.0,0.0,0.0,0.0,0.0,40000.0,0.00041712672,0.4171267199999999,27000.0,0.00028156053,0.28156053,1000.0,1.0428168e-05,0.010428168,,,,1000.0,1.0428168e-05,0.010428168,0.28,0.7671232800000001,2.46,0.07,0.03
,Democratic Republic of Congo,2022,99010216.0,49083.0,0.0004957367,0.4957367,0.66969997,,73289.0,0.0007402165,7.402165,,,,,,,,,,,,,,,,,,,,,,,,,,,,
,Kenya,1961,8047476.0,130000.0,0.016154133,16.154133,1.7333,,75000.0,0.009319692,93.19692,,,1000.0,0.00012426256,0.12426256,5000.0,0.0006213128,0.6213128,126000.0,0.015657082,15.657082,73000.0,0.009071168,9.071168,10000.0,0.0012426256,1.2426256,,,,15000.0,0.0018639384,1.8639384,9.101284,24.935024408184,67.3869,1.5999973,0.5402588
,Kenya,1962,8363580.0,130000.0,0.015543583,15.543583,1.7333,,75000.0,0.008967452,89.67452,,,2000.0,0.00023913204,0.23913204,9000.0,0.0010760942,1.0760942,123000.0,0.014706621,14.706621,71000.0,0.008489188,8.489188,11000.0,0.0013152263,1.3152263,,,,15000.0,0.0017934904,1.7934904,8.470546,23.206975110396,62.77077,1.4856988,0.50555027
,Kenya,1963,8697198.0,130000.0,0.014947343,14.947343,1.7333,,75000.0,0.008623467,86.23467,,,1000.0,0.00011497956,0.11497956,19000.0,0.0021846117,2.1846117,112000.0,0.012877711,12.877711,61000.0,0.007013753,7.013753,10000.0,0.0011497956,1.1497956,,,,15000.0,0.0017246935,1.7246935,7.0057874,19.1939378902524,51.918617,1.2290856,0.41993755
,Kenya,1964,9047390.0,130000.0,0.014368785,14.368785,1.7333,,75000.0,0.008289684,82.89684,,,2000.0,0.00022105823,0.22105823,8000.0,0.0008842329,0.8842329,124000.0,0.01370561,13.70561,71000.0,0.007847567,7.847567,11000.0,0.0012158202,1.2158201999999998,,,,15000.0,0.0016579367,1.6579367,7.8502197,21.5074510178022,58.144505,1.3727716,0.46775922
,Kenya,1965,9417211.0,130000.0,0.013804512,13.804512,1.7333,,75000.0,0.007964142,79.64142000000001,,,15000.0,0.0015928283,1.5928283,1000.0,0.00010618855,0.10618855,144000.0,0.015291152,15.291152,85000.0,0.009026027,9.026027,12000.0,0.0012742627,1.2742627,,,,16000.0,0.0016990168,1.6990168,9.073806,24.859742217156,67.26123,1.5947291,0.5349407
,Kenya,1966,9802604.0,136000.0,0.013873865,13.873865,1.8377999,,74000.0,0.0075490144,75.490144,,,3000.0,0.00030604113,0.30604113,0.0,0.0,0.0,139000.0,0.014179906,14.179906,82000.0,0.008365124,8.365124,11000.0,0.0011221508,1.1221508,,,,16000.0,0.0016322194,1.6322194,8.407457,23.034128536782003,62.299355,1.4730586,0.50104034
,Kenya,1967,10201077.0,141000.0,0.01382207,13.82207,1.88,,75000.0,0.007352165,73.52165,,,7000.0,0.0006862021,0.6862021,0.0,0.0,0.0,148000.0,0.014508272,14.508272,88000.0,0.00862654,8.62654,12000.0,0.0011763463,1.1763463,,,,17000.0,0.0016664907,1.6664907,8.610081,23.589262777806,63.774323,1.5129853,0.5076464
,Kenya,1968,10613884.0,130000.0,0.012248108,12.248108,1.7567999,,74000.0,0.006972,69.72,,,4000.0,0.00037686486,0.37686486,1000.0,9.4216215e-05,0.094216215,133000.0,0.012530757,12.530757,79000.0,0.007443081,7.443080999999999,11000.0,0.0010363784,1.0363784,,,,15000.0,0.0014132432,1.4132432,7.460519,20.439777877794,55.26127,1.3060856,0.4452564
,Kenya,1969,11039549.0,120000.0,0.01087001,10.87001,1.5999999,,75000.0,0.0067937556,67.937556,,,4000.0,0.00036233364,0.36233364,4000.0,0.00036233364,0.36233364,120000.0,0.01087001,10.87001,70000.0,0.006340839,6.340839,10000.0,0.0009058341,0.9058341,,,,14000.0,0.0012681677,1.2681677,6.379304,17.477545030704,47.283638,1.122285,0.374095
,Kenya,1970,11473096.0,130000.0,0.011330856,11.330856,1.7333,,75000.0,0.0065370323,65.370323,,,8000.0,0.0006972835,0.6972835,0.0,0.0,0.0,138000.0,0.01202814,12.02814,82000.0,0.0071471552,7.147155199999999,11000.0,0.00095876475,0.95876475,,,,15000.0,0.0013074065,1.3074065,7.1397085,19.560845009871,52.861305,1.2553333,0.42171356
,Kenya,1971,11898470.0,130000.0,0.010925774,10.925774,1.7105,,76000.0,0.0063873758,63.873758,,,6000.0,0.0005042665,0.5042665000000001,0.0,0.0,0.0,135000.0,0.0113459965,11.3459965,80000.0,0.0067235534,6.7235534,11000.0,0.0009244886,0.9244886,,,,15000.0,0.0012606663,1.2606663,6.75997,18.52046556822,50.05317,1.185444,0.40167937
,Kenya,1972,12322909.0,135000.0,0.010955205,10.955205,1.7531999,,77000.0,0.0062485244,62.485244,,,1000.0,8.114967e-05,0.08114967,1000.0,8.114967e-05,0.08114967,135000.0,0.010955205,10.955205,80000.0,0.0064919735,6.491973499999999,11000.0,0.0008926464,0.8926464,,,,15000.0,0.001217245,1.217245,6.481313,17.757021740238002,48.026432,1.1374165,0.38240725
,Kenya,1973,12760411.0,135000.0,0.010579596,10.579596,1.7531999,,77000.0,0.0060342886,60.342886,,,3000.0,0.00023510214,0.23510214,0.0,0.0,0.0,137000.0,0.010736331,10.736331,82000.0,0.0064261253,6.4261253,11000.0,0.0008620412,0.8620412,,,,15000.0,0.0011755107,1.1755107,6.3924513,17.513565030343802,47.368946,1.1194153,0.38295788
,Kenya,1974,13203951.0,128202.0,0.009709367,9.709367,1.6457,,77900.0,0.005899749,58.99749,,,0.0,0.0,0.0,0.0,0.0,0.0,129000.0,0.009769803,9.769803,76000.0,0.005755853,5.755853,10000.0,0.0007573491,0.7573491,,,,14000.0,0.0010602887,1.0602887,5.7878404,15.857096827730402,42.857582,1.0138564,0.3445143
,Kenya,1975,13651905.0,127800.0,0.009361331,9.361331,1.6385,,78000.0,0.0057134884,57.134884,,,0.0,0.0,0.0,0.0,0.0,0.0,128000.0,0.009375981,9.375981,76000.0,0.0055669886,5.5669886,10000.0,0.0007324985,0.7324985,,,,14000.0,0.0010254979,1.0254979000000002,5.551703,15.210145053378,41.13397,0.977969,0.3259897
,Kenya,1976,14102271.0,128000.0,0.009076552,9.076552,1.5999999,,80000.0,0.005672845,56.72845,,,0.0,0.0,0.0,0.0,0.0,0.0,128000.0,0.009076552,9.076552,76000.0,0.005389203,5.389203,10000.0,0.00070910563,0.70910563,,,,14000.0,0.000992748,0.992748,5.3692317,14.7102236885142,39.807743,0.94284105,0.31758857
,Kenya,1977,14577353.0,129600.0,0.008890503,8.890502999999999,1.5999999,,81000.0,0.0055565643,55.565643,,,0.0,0.0,0.0,1000.0,6.859956e-05,0.0685995599999999,129000.0,0.008849343,8.849343000000001,76000.0,0.0052135666,5.2135666,10000.0,0.0006859956,0.6859956,,,,15000.0,0.0010289934,1.0289934,5.2318654,14.3338776648804,38.765633,0.91682214,0.3089292
,Kenya,1978,15087429.0,130000.0,0.008616445,8.616445,1.6049,,81000.0,0.005368708,53.68708,,,0.0,0.0,0.0,1000.0,6.628034e-05,0.06628034,129000.0,0.008550164,8.550164,76000.0,0.0050373063,5.0373063,10000.0,0.0006628035,0.6628035,,,,15000.0,0.0009942051,0.9942051,5.048183,13.830638217858,37.386543,0.88967973,0.29989207
,Kenya,1979,15620615.0,110000.0,0.0070419763,7.0419763,1.3579999,,81000.0,0.005185455,51.85455,,,0.0,0.0,0.0,0.0,0.0,0.0,110000.0,0.0070419763,7.0419763,65000.0,0.004161168,4.161168,9000.0,0.0005761617,0.5761617,,,,12000.0,0.00076821557,0.7682155700000001,4.1607294,11.399258516144402,30.8295,0.73188734,0.25064635
,Kenya,1980,16187124.0,90000.0,0.005559975,5.559975,1.125,,80000.0,0.0049421997,49.421997000000005,,,0.0,0.0,0.0,0.0,0.0,0.0,90000.0,0.005559975,5.559975,53000.0,0.0032742072,3.2742072,7000.0,0.00043244247,0.43244247,,,,10000.0,0.00061777496,0.61777496,3.276288,8.976131417088,24.28071,0.5728479,0.19094929
,Kenya,1981,16785966.0,52480.0,0.0031264212,3.1264212,0.65599996,,80000.0,0.004765886,47.65886,,,0.0,0.0,0.0,0.0,0.0,0.0,52000.0,0.003097826,3.097826,31000.0,0.0018467808,1.8467808,4000.0,0.0002382943,0.2382943,,,,6000.0,0.00035744146,0.35744146,1.842541,5.048057483766,13.652926,0.32219294,0.11075383
,Kenya,1982,17411500.0,29800.0,0.0017115125,1.7115125,0.6387,,46660.0,0.002679838,26.79838,,,0.0,0.0,0.0,0.0,0.0,0.0,30000.0,0.0017229991,1.7229991,17000.0,0.0009763662,0.9763662,2000.0,0.00011486661,0.11486661,,,,3000.0,0.00017229991,0.17229991,0.98835826,2.7078308222367604,7.34209,0.1714499,0.06051173
,Kenya,1983,18069468.0,29800.0,0.0016491908,1.6491908000000002,0.6387,,46660.0,0.0025822564,25.822564,,,0.0,0.0,0.0,0.0,0.0,0.0,30000.0,0.0016602592,1.6602592,17000.0,0.0009408135,0.9408135,2000.0,0.00011068395,0.1106839499999999,,,,3000.0,0.00016602591,0.16602591,0.9590183,2.6274473709858,7.10683,0.1716138,0.060569573
,Kenya,1984,18753178.0,10000.0,0.00053324294,0.53324294,0.3448,,29000.0,0.0015464046,15.464046,,,0.0,0.0,0.0,0.0,0.0,0.0,10000.0,0.00053324294,0.53324294,5000.0,0.00026662147,0.26662147,1000.0,5.3324296e-05,0.053324296,,,,1000.0,5.3324296e-05,0.053324296,0.27271858,0.74717418430908,2.0504396,0.05050344,0.020201376
,Kenya,1985,19452160.0,60480.0,0.0031091664,3.1091664000000003,1.0799999,,56000.0,0.0028788578,28.788578,,,0.0,0.0,0.0,0.0,0.0,0.0,60000.0,0.0030844903,3.0844903,35000.0,0.001799286,1.799286,5000.0,0.00025704087,0.25704087,,,,7000.0,0.00035985722,0.35985722,1.8192323,4.9841980323498,13.482533,0.3234191,0.11117531
,Kenya,1986,20160886.0,41217.0,0.0020444042,2.0444042,0.5726,,71980.0,0.0035702796,35.702796,,,0.0,0.0,0.0,0.0,0.0,0.0,41000.0,0.0020336409,2.0336409,23000.0,0.0011408229,1.1408229,3000.0,0.00014880298,0.14880298,,,,5000.0,0.00024800497,0.24800497,1.1530683,3.1590912012858,8.536752,0.2022927,0.07080244
,Kenya,1987,20882096.0,66000.0,0.0031606022,3.1606022,0.59999996,,110000.0,0.0052676704,52.676704,,,0.0,0.0,0.0,0.0,0.0,0.0,66000.0,0.0031606022,3.1606022,38000.0,0.0018197407,1.8197407,5000.0,0.00023943957,0.23943957,,,,7000.0,0.0003352154,0.3352154,1.8220584,4.9919407719984,13.493355,0.3239215,0.11134802
,Kenya,1988,21626126.0,71700.0,0.0033154343,3.3154343,0.6498,,110350.0,0.0051026247,51.026247,,,0.0,0.0,0.0,0.0,0.0,0.0,72000.0,0.0033293064,3.3293064,42000.0,0.0019420955,1.9420955,6000.0,0.0002774422,0.2774421999999999,,,,8000.0,0.00036992293,0.36992293,1.9237981,5.2706796733206005,14.256356,0.33413336,0.11137778
,Kenya,1989,22387804.0,71168.0,0.0031788736,3.1788736,0.66319996,,107310.0,0.0047932346,47.932346,,,0.0,0.0,0.0,0.0,0.0,0.0,71000.0,0.0031713697,3.1713697,41000.0,0.0018313542,1.8313542,6000.0,0.00026800306,0.2680030599999999,,,,8000.0,0.0003573374,0.3573374,1.8528218,5.0762240588268,13.708856,0.32399067,0.1113718
,Kenya,1990,23162270.0,62786.0,0.0027107014,2.7107014,0.6477,,96933.0,0.0041849525,41.849525,,,0.0,0.0,0.0,0.0,0.0,0.0,62000.0,0.002676767,2.676767,36000.0,0.0015542518,1.5542518,5000.0,0.0002158683,0.2158682999999999,,,,7000.0,0.00030221563,0.30221563,1.5588645,4.270861601127001,11.529524,0.2733074,0.09110247
,Kenya,1991,23918238.0,52063.0,0.0021767071,2.1767071,0.5185,,100419.0,0.004198428,41.98428,,,0.0,0.0,0.0,25000.0,0.0010452275,1.0452275000000002,27000.0,0.0011288457,1.1288457,12000.0,0.0005017092,0.5017092,4000.0,0.0001672364,0.1672364,,,,5000.0,0.0002090455,0.2090455,0.48639703,1.33259458941378,3.587178,0.08106617,0.030399814
,Kenya,1992,24655724.0,48746.0,0.0019770663,1.9770663,0.53999996,,90272.0,0.0036612998,36.612998,,,0.0,0.0,0.0,4000.0,0.00016223414,0.16223414,46000.0,0.0018656926,1.8656926,26000.0,0.0010545219,1.0545219,4000.0,0.00016223414,0.16223414,,,,5000.0,0.00020279267,0.20279267,1.0459279,2.8655558617554,7.7682996,0.18278353,0.060927838
,Kenya,1993,25391832.0,58036.0,0.002285617,2.285617,0.6817,,85139.0,0.0033530074,33.530074,,,0.0,0.0,0.0,0.0,0.0,0.0,58000.0,0.002284199,2.284199,34000.0,0.0013390132,1.3390132,5000.0,0.00019691372,0.19691372,,,,6000.0,0.00023629646,0.2362964599999999,1.3228939,3.6243668130714,9.799591,0.23405047,0.08140885
,Kenya,1994,26133748.0,69480.0,0.0026586312,2.6586312,0.69479996,,100000.0,0.0038264699,38.264699,,,7000.0,0.00026785288,0.26785288,0.0,0.0,0.0,76000.0,0.0029081171,2.9081171,47000.0,0.0017984408,1.7984407999999998,6000.0,0.0002295882,0.2295882,,,,8000.0,0.00030611758,0.30611758,1.8141408,4.970248717420801,13.40222,0.3159459,0.112109825
,Kenya,1995,26878350.0,54142.0,0.002014335,2.014335,0.5951,,90986.0,0.0033851035,33.851035,,,0.0,0.0,0.0,0.0,0.0,0.0,54000.0,0.0020090519,2.0090519,31000.0,0.0011533446,1.1533445999999998,4000.0,0.00014881865,0.14881865,,,,6000.0,0.000223228,0.223228,1.1628883,3.1859953106058003,8.640057,0.20401551,0.071405426
,Kenya,1996,27615736.0,23159.0,0.00083861605,0.8386160500000001,0.26999998,,85774.0,0.0031059827,31.059827,,,0.0,0.0,0.0,0.0,0.0,0.0,23000.0,0.0008328585,0.8328585,12000.0,0.00043453486,0.43453486,2000.0,7.2422474e-05,0.072422474,,,,3000.0,0.000108633714,0.1086337139999999,0.44908598,1.23037253564148,3.3375254,0.08165199,0.030619498
,Kenya,1997,28364268.0,38619.0,0.001361537,1.361537,0.4208,,91773.0,0.0032355145,32.355145,,,1000.0,3.5255624e-05,0.035255624,0.0,0.0,0.0,39000.0,0.0013749694,1.3749694,22000.0,0.0007756238,0.7756238,3000.0,0.00010576688,0.10576688,,,,4000.0,0.0001410225,0.1410225,0.7857379,2.1527065538154,5.806297,0.13265704,0.05102194
,Kenya,1998,29137380.0,34020.0,0.0011675723,1.1675723,0.43069997,,78988.0,0.002710882,27.10882,,,0.0,0.0,0.0,0.0,0.0,0.0,34000.0,0.001166886,1.166886,19000.0,0.0006520833,0.6520833,3000.0,0.00010296053,0.10296053,,,,4000.0,0.0001372807,0.1372807,0.66259557,1.81533031061382,4.893014,0.112131566,0.040775113
,Kenya,1999,29965128.0,59172.0,0.0019746954,1.9746954,0.6569,,90082.0,0.0030062278,30.062278,,,1000.0,3.3372125e-05,0.033372125,0.0,0.0,0.0,60000.0,0.0020023275,2.0023275000000003,35000.0,0.0011680244,1.1680244,5000.0,0.00016686063,0.1668606299999999,,,,7000.0,0.00023360488,0.23360488,1.1595498,3.1768487353548,8.584737,0.2034298,0.07120043
,Kenya,2000,30851604.0,44623.0,0.0014463754,1.4463754000000002,0.479,,93150.0,0.003019292,30.19292,,,1000.0,3.2413227e-05,0.0324132269999999,0.0,0.0,0.0,46000.0,0.0014910083,1.4910082999999998,26000.0,0.00084274384,0.84274384,4000.0,0.00012965291,0.12965291,,,,5000.0,0.00016206614,0.16206614,0.8416596,2.3059166892696,6.236394,0.15210716,0.05070239
,Kenya,2001,31800344.0,44623.0,0.0014032238,1.4032238,0.4279,,104292.0,0.0032795873,32.795873,,,1000.0,3.14462e-05,0.0314462,0.0,0.0,0.0,45000.0,0.001415079,1.415079,25000.0,0.000786155,0.7861549999999999,4000.0,0.0001257848,0.1257848,,,,5000.0,0.000157231,0.157231,0.79809016,2.18654836169616,5.9301124,0.14143369,0.050512034
,Kenya,2002,32779824.0,72197.0,0.002202483,2.202483,0.6089,,118570.0,0.003617164,36.17164,,,2000.0,6.101314e-05,0.06101314,1000.0,3.050657e-05,0.03050657,74000.0,0.002257486,2.257486,44000.0,0.001342289,1.342289,6000.0,0.00018303942,0.18303942,,,,8000.0,0.00024405256,0.24405256,1.3289065,3.640839689619,9.856056,0.23155189,0.080539785
,Kenya,2003,33767120.0,63622.0,0.0018841405,1.8841405,0.5877,,108258.0,0.0032060181,32.060181,,,3000.0,8.884382e-05,0.08884382,1000.0,2.9614608e-05,0.029614608,65000.0,0.0019249495,1.9249495,38000.0,0.0011253551,1.1253551,5000.0,0.00014807304,0.14807304,,,,7000.0,0.00020730225,0.20730225,1.1145325,3.053513668095,8.253565,0.19077581,0.07028583
,Kenya,2004,34791836.0,50467.0,0.0014505414,1.4505414,0.4457,,113223.0,0.003254298,32.54298,,,2000.0,5.748475e-05,0.05748475,0.0,0.0,0.0,53000.0,0.0015233458,1.5233458,30000.0,0.00086227123,0.86227123,4000.0,0.0001149695,0.1149695,,,,6000.0,0.00017245425,0.17245425,0.8710794,2.3865188802444,6.44799,0.1501861,0.050062034
,Kenya,2005,35843016.0,53101.0,0.001481488,1.481488,0.57449996,,92430.0,0.0025787451,25.787451,,,4000.0,0.00011159775,0.11159775,0.0,0.0,0.0,57000.0,0.001590268,1.590268,32000.0,0.000892782,0.892782,5000.0,0.00013949719,0.13949719,,,,6000.0,0.00016739663,0.16739663,0.89856833,2.4618310164775803,6.639422,0.15974548,0.049920466
,Kenya,2006,36925260.0,79207.0,0.0021450627,2.1450627,0.57519996,,137711.0,0.0037294524,37.294524,,,1000.0,2.7081733e-05,0.027081733,0.0,0.0,0.0,80000.0,0.0021665385,2.1665385,46000.0,0.0012457597,1.2457597,6000.0,0.0001624904,0.1624904,,,,9000.0,0.00024373559,0.24373559,1.2542585,3.436324623171,9.277531,0.21899751,0.069681026
,Kenya,2007,38036796.0,119599.0,0.0031442975,3.1442975,0.9335,,128114.0,0.0033681595,33.681595,,,39000.0,0.0010253229,1.0253229,0.0,0.0,0.0,158000.0,0.0041538724,4.1538724,96000.0,0.0025238718,2.5238718,10000.0,0.0002629033,0.2629033,,,,18000.0,0.00047322598,0.47322598,2.520982,6.906799930932,18.639387,0.43670556,0.1488769
,Kenya,2008,39186896.0,38462.0,0.0009815015,0.9815015,0.7236,,53155.0,0.0013564484,13.564484,,,11000.0,0.00028070607,0.28070607,0.0,0.0,0.0,50000.0,0.0012759367,1.2759367,29000.0,0.0007400433,0.7400433,3000.0,7.655621e-05,0.07655621,,,,6000.0,0.00015311241,0.15311241,0.7420784,2.0330914865184,5.530958,0.12862693,0.039577514
,Kenya,2009,40364448.0,54000.0,0.0013378109,1.3378109,0.5164,,104576.0,0.0025907948,25.907948,,,12000.0,0.00029729132,0.29729132,0.0,0.0,0.0,66000.0,0.0016351022,1.6351022000000002,38000.0,0.00094142254,0.94142254,5000.0,0.00012387139,0.12387139,,,,7000.0,0.00017341993,0.17341993,0.95703655,2.6220179189853,7.0643106,0.16772805,0.059198134
,Kenya,2010,41517896.0,53881.0,0.0012977778,1.2977778,0.54359996,,99124.0,0.0023875006,23.875006,,,17000.0,0.000409462,0.409462,0.0,0.0,0.0,71000.0,0.0017101059,1.7101059,42000.0,0.001011612,1.011612,5000.0,0.00012042999,0.12042999,,,,7000.0,0.000168602,0.168602,1.0200001,2.7945207939726004,8.880001,0.24000001,0.10000001
,Kenya,2011,42635148.0,73396.0,0.0017214904,1.7214904,0.65959996,,111271.0,0.002609842,26.09842,,,2000.0,4.6909652e-05,0.0469096519999999,0.0,0.0,0.0,76000.0,0.0017825668,1.7825668,46000.0,0.0010789221,1.0789221,5000.0,0.00011727413,0.11727413,,,,8000.0,0.00018763861,0.18763861,1.0699998,2.9315062720548,9.299998,0.24999996,0.09999999
,Kenya,2012,43725808.0,138204.0,0.0031606962,3.1606962,1.1683999,,118289.0,0.0027052443,27.052443,,,2000.0,4.5739576e-05,0.045739576,0.0,0.0,0.0,140000.0,0.0032017704,3.2017704,84000.0,0.0019210622,1.9210622,10000.0,0.00022869789,0.22869789,,,,14000.0,0.00032017706,0.32017706,1.93,5.28767118,16.76,0.45,0.18
,Kenya,2013,44792368.0,138829.0,0.0030993896,3.0993896,0.8249,,168291.0,0.0037571355,37.571355,,,8000.0,0.00017860185,0.17860185,0.0,0.0,0.0,145000.0,0.0032371585,3.2371585,87000.0,0.0019422951,1.9422951,10000.0,0.00022325231,0.2232523099999999,,,,15000.0,0.00033487848,0.33487848,1.9400002,5.3150689879452,16.850002,0.45000002,0.18000002
,Kenya,2014,45831860.0,126000.0,0.0027491793,2.7491793,0.9076,,138829.0,0.0030290938,30.290938,,,,,,0.0,0.0,0.0,121000.0,0.0026400848,2.6400848,74000.0,0.0016145974,1.6145974,6000.0,0.0001309133,0.1309132999999999,,,,13000.0,0.0002836455,0.2836455,1.61,4.41095886,13.94,0.37,0.15
,Kenya,2015,46851496.0,99000.0,0.0021130596,2.1130596,1.0968,,90263.0,0.0019265767,19.265767,,,14000.0,0.0002988165,0.2988165,0.0,0.0,0.0,108000.0,0.0023051559,2.3051559,66000.0,0.0014087063,1.4087063,6000.0,0.00012806422,0.1280642199999999,,,,11000.0,0.0002347844,0.2347844,1.4099997,3.8630128380822,12.219998,0.32999995,0.12999998
,Kenya,2016,47894668.0,54000.0,0.0011274741,1.1274741,0.61109996,,88368.0,0.0018450489,18.450489,,,7000.0,0.00014615405,0.14615405,0.0,0.0,0.0,64000.0,0.0013362657,1.3362657,36000.0,0.00075164944,0.75164944,9000.0,0.00018791236,0.18791236,,,,6000.0,0.0001252749,0.1252749,0.74000007,2.02739743178082,6.4600005,0.17000002,0.07000001
,Kenya,2017,48948140.0,54000.0,0.0011032084,1.1032084,0.42749998,,126313.0,0.0025805475,25.805475,,,87000.0,0.0017773913,1.7773913,0.0,0.0,0.0,136000.0,0.0027784507,2.7784507,83000.0,0.0016956722,1.6956722,7000.0,0.0001430085,0.1430085,,,,14000.0,0.000286017,0.286017,1.69,4.63013694,14.68,0.39,0.16
,Kenya,2018,49953300.0,72000.0,0.0014413462,1.4413462,0.625,,115200.0,0.002306154,23.06154,,,31000.0,0.00062057964,0.6205796400000001,0.0,0.0,0.0,99000.0,0.001981851,1.9818510000000005,61000.0,0.0012211405,1.2211405,5000.0,0.000100093486,0.100093486,,,,10000.0,0.00020018697,0.20018697,1.21,3.31506846,10.53,0.28,0.11
,Kenya,2019,50951452.0,135000.0,0.002649581,2.649581,0.92719996,,145601.0,0.0028576418,28.576418,,,6000.0,0.000117759155,0.117759155,0.0,0.0,0.0,156000.0,0.003061738,3.061738,113000.0,0.0022177973,2.2177973,6000.0,0.000117759155,0.117759155,,,,16000.0,0.00031402442,0.3140244199999999,2.2199998,6.0821911720548005,20.309998,0.54999995,0.22999999
,Kenya,2020,51985780.0,153000.0,0.0029431125,2.9431125,1.2921,,118411.0,0.0022777575,22.777575,,,9000.0,0.00017312427,0.17312427,0.0,0.0,0.0,94000.0,0.0018081868,1.8081868,51000.0,0.0009810375,0.9810375,7000.0,0.0001346522,0.1346522,,,,15000.0,0.00028854044,0.2885404399999999,0.98,2.68493148,8.5,0.23,0.09
,Kenya,2021,53005616.0,63000.0,0.0011885533,1.1885533,0.50229996,,125429.0,0.0023663342,23.663342,,,21000.0,0.00039618445,0.3961844499999999,0.0,0.0,0.0,74000.0,0.0013960785,1.3960785,41000.0,0.0007735029,0.7735029,9000.0,0.00016979333,0.16979333,,,,7000.0,0.00013206148,0.13206148,0.76999986,2.10958863643836,6.659999,0.17999998,0.06999999
,Kenya,2022,54027484.0,63000.0,0.0011660731,1.1660731,1.0153999,,62047.0,0.001148434,11.48434,,,,,,,,,,,,,,,,,,,,,,,,,,,,
,Rwanda,1961,3046663.0,2824.0,0.0009269158,0.9269158,0.706,,4000.0,0.0013129119,13.129119,,,0.0,0.0,0.0,0.0,0.0,0.0,3000.0,0.0009846839,0.9846839,3000.0,0.0009846839,0.9846839,,,,,,,0.0,0.0,0.0,0.87520015,2.3978086061589,7.3261137,0.2065079,0.06883597
,Rwanda,1962,3122129.0,3113.0,0.000997076,0.997076,0.5998,,5190.0,0.0016623272,16.623272,,,0.0,0.0,0.0,0.0,0.0,0.0,3000.0,0.00096088275,0.96088275,3000.0,0.00096088275,0.96088275,,,,,,,0.0,0.0,0.0,0.9479013,2.5969898370438,7.9838696,0.2247601,0.06840525
,Rwanda,1963,3191315.0,2144.0,0.0006718234,0.6718234000000001,0.66999996,,3200.0,0.0010027215,10.027215,,,0.0,0.0,0.0,0.0,0.0,0.0,2000.0,0.00062670093,0.6267009299999999,2000.0,0.00062670093,0.6267009299999999,,,,,,,0.0,0.0,0.0,0.6417355,1.7581794344730002,5.3769655,0.15557224,0.048616324
,Rwanda,1964,3263644.0,1203.0,0.0003686064,0.3686064,0.5731,,2099.0,0.0006431461,6.431461,,,0.0,0.0,0.0,0.0,0.0,0.0,1000.0,0.00030640597,0.30640597,1000.0,0.00030640597,0.30640597,,,,,,,0.0,0.0,0.0,0.33909947,0.92903963454522,2.8581243,0.07750845,0.029065669
,Rwanda,1965,3348640.0,2116.0,0.00063189835,0.6318983499999999,0.5665,,3735.0,0.0011153782,11.153782,,,0.0,0.0,0.0,0.0,0.0,0.0,2000.0,0.0005972574,0.5972574,2000.0,0.0005972574,0.5972574,,,,,,,0.0,0.0,0.0,0.5985893,1.6399706685318,5.030081,0.14481999,0.04827333
,Rwanda,1966,3444023.0,1800.0,0.0005226446,0.5226446,0.59999996,,3000.0,0.0008710743,8.710743,,,0.0,0.0,0.0,0.0,0.0,0.0,2000.0,0.00058071624,0.58071624,2000.0,0.00058071624,0.58071624,,,,,,,0.0,0.0,0.0,0.50112325,1.3729403972295,4.172815,0.11564382,0.03854794
,Rwanda,1967,3549463.0,1200.0,0.00033807932,0.33807932,0.59999996,,2000.0,0.0005634655,5.634655,,,0.0,0.0,0.0,0.0,0.0,0.0,1000.0,0.00028173276,0.2817327599999999,1000.0,0.00028173276,0.2817327599999999,,,,,,,0.0,0.0,0.0,0.31777766,0.8706237173211601,2.6866655,0.07703701,0.019259252
,Rwanda,1968,3662015.0,810.0,0.0002211897,0.2211897,0.45,,1800.0,0.0004915327,4.915327,,,0.0,0.0,0.0,0.0,0.0,0.0,1000.0,0.0002730737,0.2730737,1000.0,0.0002730737,0.2730737,,,,,,,0.0,0.0,0.0,0.2022575,0.554130131445,1.7047417,0.04815655,0.01926262
,Rwanda,1969,3777884.0,1350.0,0.00035734288,0.35734288,0.5,,2700.0,0.00071468577,7.1468577,,,0.0,0.0,0.0,0.0,0.0,0.0,1000.0,0.00026469844,0.26469844,1000.0,0.00026469844,0.26469844,,,,,,,0.0,0.0,0.0,0.33731845,0.9241601277447,2.804562,0.07710136,0.02891301
,Rwanda,1970,3896371.0,2108.0,0.0005410162,0.5410162000000001,0.6999,,3012.0,0.000773027,7.73027,,,0.0,0.0,0.0,0.0,0.0,0.0,2000.0,0.00051329815,0.51329815,2000.0,0.00051329815,0.51329815,,,,,,,0.0,0.0,0.0,0.39512408,1.08253171520208,3.3055503,0.096371725,0.028911518
,Rwanda,1971,4015408.0,2900.0,0.000722218,0.7222179999999999,0.69049996,,4200.0,0.001045971,10.45971,,,0.0,0.0,0.0,0.0,0.0,0.0,2000.0,0.0004980814,0.4980813999999999,2000.0,0.0004980814,0.4980813999999999,,,,,,,0.0,0.0,0.0,0.5201763,1.4251405336938,4.3540683,0.12522762,0.038531575
,Rwanda,1972,4135586.0,2947.0,0.00071259553,0.71259553,0.7,,4210.0,0.0010179935,10.179935,,,0.0,0.0,0.0,0.0,0.0,0.0,3000.0,0.0007254111,0.7254111,3000.0,0.0007254111,0.7254111,,,,,,,0.0,0.0,0.0,0.67434216,1.84751274864816,5.6644745,0.16376881,0.0481673
,Rwanda,1973,4259492.0,3020.0,0.00070900476,0.7090047599999999,0.70629996,,4276.0,0.0010038756,10.038756,,,0.0,0.0,0.0,0.0,0.0,0.0,3000.0,0.0007043093,0.7043092999999999,3000.0,0.0007043093,0.7043092999999999,,,,,,,0.0,0.0,0.0,0.6741179,1.8468983376954,5.6722207,0.16371436,0.048151284
,Rwanda,1974,4386375.0,1642.0,0.000374341,0.374341,0.50879997,,3227.0,0.0007356872,7.356872,,,0.0,0.0,0.0,0.0,0.0,0.0,3000.0,0.00068393606,0.68393606,3000.0,0.00068393606,0.68393606,,,,,,,0.0,0.0,0.0,0.59747285,1.6369119014391005,5.030336,0.14454989,0.048183296
,Rwanda,1975,4515760.0,2728.0,0.0006041065,0.6041065,0.5663,,4817.0,0.0010667086,10.667086,,,0.0,0.0,0.0,0.0,0.0,0.0,3000.0,0.00066434,0.66434,3000.0,0.00066434,0.66434,,,,,,,0.0,0.0,0.0,0.56951874,1.56032529946524,4.778166,0.13514005,0.038611438
,Rwanda,1976,4648207.0,2852.0,0.0006135699,0.6135699,0.5747,,4963.0,0.0010677235,10.677235,,,0.0,0.0,0.0,0.0,0.0,0.0,3000.0,0.00064541015,0.6454101499999999,3000.0,0.00064541015,0.6454101499999999,,,,,,,0.0,0.0,0.0,0.58086914,1.59142228545564,4.8502574,0.13553613,0.03872461
,Rwanda,1977,4783254.0,3114.0,0.00065102126,0.65102126,0.6016,,5176.0,0.0010821086,10.821086,,,0.0,0.0,0.0,0.0,0.0,0.0,3000.0,0.0006271881,0.6271881,3000.0,0.0006271881,0.6271881,,,,,,,0.0,0.0,0.0,0.6121858,1.6772213530908,5.169569,0.14575852,0.04858617
,Rwanda,1978,4921958.0,2828.0,0.0005745681,0.5745681,0.61039996,,4633.0,0.0009412921,9.412921,,,0.0,0.0,0.0,0.0,0.0,0.0,3000.0,0.00060951355,0.60951355,3000.0,0.00060951355,0.60951355,,,,,,,0.0,0.0,0.0,0.54657924,1.49747735488824,4.577601,0.12688446,0.039041374
,Rwanda,1979,5074375.0,2176.0,0.00042882128,0.4288212799999999,0.5615,,3875.0,0.00076364086,7.6364086,,,0.0,0.0,0.0,0.0,0.0,0.0,2000.0,0.0003941372,0.3941371999999999,2000.0,0.0003941372,0.3941371999999999,,,,,,,0.0,0.0,0.0,0.4014859,1.0999613588634,3.3881493,0.09792339,0.029377015
,Rwanda,1980,5247537.0,2006.0,0.0003822746,0.3822745999999999,0.48929998,,4100.0,0.00078131893,7.8131893,,,0.0,0.0,0.0,0.0,0.0,0.0,2000.0,0.0003811312,0.3811312,2000.0,0.0003811312,0.3811312,,,,,,,0.0,0.0,0.0,0.36248815,0.9931182092469,3.0272658,0.0881728,0.029390931
,Rwanda,1981,5441977.0,2091.0,0.00038423535,0.38423535,0.5823,,3591.0,0.0006598705,6.598705,,,0.0,0.0,0.0,0.0,0.0,0.0,2000.0,0.0003675135,0.3675135,2000.0,0.0003675135,0.3675135,,,,,,,0.0,0.0,0.0,0.36129886,0.98985988051236,3.0563931,0.08788351,0.0292945
,Rwanda,1982,5652908.0,1875.0,0.00033168768,0.33168768,0.6781,,2765.0,0.00048912875,4.8912875,,,0.0,0.0,0.0,0.0,0.0,0.0,2000.0,0.0003538002,0.3538002,2000.0,0.0003538002,0.3538002,,,,,,,0.0,0.0,0.0,0.32019803,0.8772548679397801,2.658614,0.07762376,0.01940594
,Rwanda,1983,5859395.0,1132.0,0.000193194,0.193194,0.6659,,1700.0,0.00029013233,2.9013233,,,0.0,0.0,0.0,0.0,0.0,0.0,1000.0,0.00017066608,0.17066608,1000.0,0.00017066608,0.17066608,,,,,,,0.0,0.0,0.0,0.18376128,0.50345555660928,1.5281203,0.03868659,0.009671647
,Rwanda,1984,6056736.0,986.0,0.00016279395,0.16279395,0.46949998,,2100.0,0.0003467214,3.467214,,,0.0,0.0,0.0,0.0,0.0,0.0,1000.0,0.00016510543,0.16510543,1000.0,0.00016510543,0.16510543,,,,,,,0.0,0.0,0.0,0.15517269,0.42513065328294,1.2995713,0.038793173,0.009698293
,Rwanda,1985,6266756.0,600.0,9.5743315e-05,0.095743315,0.5455,,1100.0,0.0001755294,1.755294,,,0.0,0.0,0.0,0.0,0.0,0.0,1000.0,0.0001595722,0.1595722,1000.0,0.0001595722,0.1595722,,,,,,,0.0,0.0,0.0,0.08779184,0.24052558663584,0.7511079,0.019509295,0.0097546475
,Rwanda,1986,6497813.0,600.0,9.233876e-05,0.0923387599999999,0.5172,,1160.0,0.0001785216,1.785216,,,0.0,0.0,0.0,0.0,0.0,0.0,1000.0,0.00015389794,0.1538979399999999,1000.0,0.00015389794,0.1538979399999999,,,,,,,0.0,0.0,0.0,0.088728316,0.243091274281416,0.7295439,0.019717403,0.009858701
,Rwanda,1987,6735836.0,494.0,7.333908e-05,0.07333908,0.5255,,940.0,0.0001395521,1.3955209999999998,,,0.0,0.0,0.0,0.0,0.0,0.0,0.0,0.0,0.0,0.0,0.0,0.0,,,,,,,0.0,0.0,0.0,0.07005367,0.19192786109442,0.56042933,0.020015333,0.0
,Rwanda,1988,6953975.0,1000.0,0.00014380265,0.14380265,0.5,,2000.0,0.0002876053,2.876053,,,0.0,0.0,0.0,0.0,0.0,0.0,1000.0,0.00014380265,0.14380265,1000.0,0.00014380265,0.14380265,,,,,,,0.0,0.0,0.0,0.13172035,0.3608776676241,1.1348214,0.030397002,0.010132334
,Rwanda,1989,7141981.0,1000.0,0.00014001717,0.14001717,0.5,,2000.0,0.00028003435,2.8003435,,,0.0,0.0,0.0,0.0,0.0,0.0,1000.0,0.00014001717,0.14001717,1000.0,0.00014001717,0.14001717,,,,,,,0.0,0.0,0.0,0.12137809,0.33254270900334,1.0317137,0.030344522,0.01011484
,Rwanda,1990,7319970.0,1000.0,0.00013661258,0.13661258,0.16669999,,6000.0,0.0008196755,8.196755,,,0.0,0.0,0.0,0.0,0.0,0.0,1000.0,0.00013661258,0.13661258,1000.0,0.00013661258,0.13661258,,,,,,,0.0,0.0,0.0,0.12813577,0.35105690059902,1.0743692,0.029569793,0.0098565975
,Rwanda,1991,7485683.0,504.78,6.7432724e-05,0.067432724,0.25239998,,2000.0,0.00026717669,2.6717669,,,0.0,0.0,0.0,0.0,0.0,0.0,1000.0,0.00013358834,0.13358834,1000.0,0.00013358834,0.13358834,,,,,,,0.0,0.0,0.0,0.16769613,0.45944144746038,1.3695184,0.037265804,0.009316451
,Rwanda,1992,7657202.0,387.4,5.059289e-05,0.05059289,0.3188,,1215.0,0.00015867414,1.5867414,,,0.0,0.0,0.0,0.0,0.0,0.0,1000.0,0.000130596,0.130596,1000.0,0.000130596,0.130596,,,,,,,0.0,0.0,0.0,0.11111761,0.30443180517486,0.94022596,0.025642525,0.008547508
,Rwanda,1993,7904741.0,398.11,5.0363444e-05,0.050363444,0.3891,,1023.0,0.000129416,1.2941600000000002,,,0.0,0.0,0.0,0.0,0.0,0.0,1000.0,0.00012650636,0.1265063599999999,1000.0,0.00012650636,0.1265063599999999,,,,,,,0.0,0.0,0.0,0.10743426,0.29434043541276,0.8978434,0.023021627,0.0076738754
,Rwanda,1994,6732668.0,572.51,8.503464e-05,0.08503464,0.461,,1242.0,0.00018447367,1.8447367,,,0.0,0.0,0.0,0.0,0.0,0.0,1000.0,0.00014852952,0.14852952,1000.0,0.00014852952,0.14852952,,,,,,,0.0,0.0,0.0,0.14463212,0.39625237959912,1.2081035,0.034031086,0.008507771
,Rwanda,1995,5686897.0,795.7,0.00013991813,0.13991813,0.5319,,1496.0,0.00026306085,2.6306085,,,0.0,0.0,0.0,0.0,0.0,0.0,1000.0,0.00017584283,0.17584283,1000.0,0.00017584283,0.17584283,,,,,,,0.0,0.0,0.0,0.14939606,0.40930426987956,1.2350074,0.039838947,0.009959737
,Rwanda,1996,6715510.0,1347.88,0.00020071148,0.20071148,0.6026,,2237.0,0.00033310946,3.3310946,,,0.0,0.0,0.0,0.0,0.0,0.0,1000.0,0.00014890902,0.14890902,1000.0,0.00014890902,0.14890902,,,,,,,0.0,0.0,0.0,0.123624265,0.33869661305139,1.0331457,0.026490914,0.008830304
,Rwanda,1997,7666742.0,2000.0,0.000260867,0.260867,0.6667,,3000.0,0.0003913005,3.913005,,,0.0,0.0,0.0,0.0,0.0,0.0,2000.0,0.000260867,0.260867,2000.0,0.000260867,0.260867,,,,,,,0.0,0.0,0.0,0.2447702,0.6706032809652,2.0594459,0.059082463,0.016880704
,Rwanda,1998,7914653.0,3000.0,0.00037904378,0.37904378,0.75,,4000.0,0.0005053917,5.053917,,,0.0,0.0,0.0,0.0,0.0,0.0,3000.0,0.00037904378,0.37904378,3000.0,0.00037904378,0.37904378,,,,,,,0.0,0.0,0.0,0.41672075,1.1417006735145,3.469653,0.09965061,0.027177438
,Rwanda,1999,8009586.0,4000.0,0.0004994016,0.4994016,0.79999995,,5000.0,0.000624252,6.242520000000001,,,0.0,0.0,0.0,0.0,0.0,0.0,4000.0,0.0004994016,0.4994016,4000.0,0.0004994016,0.4994016,,,,,,,0.0,0.0,0.0,0.47061607,1.28935908299682,3.9806278,0.11765402,0.039218005
,Rwanda,2000,8109994.0,4000.0,0.0004932186,0.4932186,0.79999995,,5000.0,0.00061652326,6.1652326,,,0.0,0.0,0.0,0.0,0.0,0.0,4000.0,0.0004932186,0.4932186,4000.0,0.0004932186,0.4932186,,,,,,,0.0,0.0,0.0,0.46586964,1.27635516531864,3.9236577,0.11387925,0.031057976
,Rwanda,2001,8223950.0,3946.4,0.00047986672,0.47986672,0.79209995,,4982.0,0.00060579163,6.0579163000000005,,,0.0,0.0,0.0,0.0,0.0,0.0,5000.0,0.00060798036,0.60798036,5000.0,0.00060798036,0.60798036,,,,,,,0.0,0.0,0.0,0.5538944,1.5175188889344,4.6335397,0.12782179,0.042607263
,Rwanda,2002,8372310.0,4000.0,0.0004777654,0.4777653999999999,0.7953,,5029.0,0.0006006705,6.006705,,,0.0,0.0,0.0,0.0,0.0,0.0,4000.0,0.0004777654,0.4777653999999999,4000.0,0.0004777654,0.4777653999999999,,,,,,,0.0,0.0,0.0,0.4508863,1.2353049191538,3.8110628,0.10735389,0.032206163
,Rwanda,2003,8567993.0,4000.0,0.0004668538,0.4668538,0.79999995,,5000.0,0.00058356725,5.835672499999999,,,0.0,0.0,0.0,0.0,0.0,0.0,4000.0,0.0004668538,0.4668538,4000.0,0.0004668538,0.4668538,,,,,,,0.0,0.0,0.0,0.4473533,1.2256254671958,3.7279441,0.106512696,0.031953808
,Rwanda,2004,8791855.0,4000.0,0.00045496656,0.45496656,0.79999995,,5000.0,0.0005687082,5.687082,,,0.0,0.0,0.0,0.0,0.0,0.0,4000.0,0.00045496656,0.45496656,4000.0,0.00045496656,0.45496656,,,,,,,0.0,0.0,0.0,0.4315517,1.1823334128342,3.6313498,0.10525651,0.031576954
,Rwanda,2005,9026297.0,4000.0,0.00044314962,0.44314962,0.79999995,,5000.0,0.000553937,5.53937,,,0.0,0.0,0.0,0.0,0.0,0.0,4000.0,0.00044314962,0.44314962,4000.0,0.00044314962,0.44314962,,,,,,,0.0,0.0,0.0,0.4178458,1.1447830022508,3.5307968,0.10446145,0.03133843
,Rwanda,2006,9270073.0,4000.0,0.00043149607,0.43149607,0.79999995,,5000.0,0.00053937006,5.393700600000001,,,0.0,0.0,0.0,0.0,0.0,0.0,4000.0,0.00043149607,0.43149607,4000.0,0.00043149607,0.43149607,,,,,,,0.0,0.0,0.0,0.40644664,1.11355242722064,3.439164,0.09379538,0.031265125
,Rwanda,2007,9523177.0,4000.0,0.0004200279,0.4200279,0.79999995,,5000.0,0.00052503485,5.2503485,,,0.0,0.0,0.0,0.0,0.0,0.0,4000.0,0.0004200279,0.4200279,4000.0,0.0004200279,0.4200279,,,,,,,0.0,0.0,0.0,0.38572842,1.05679018121292,3.2526288,0.09382583,0.031275276
,Rwanda,2008,9781999.0,5000.0,0.00051114295,0.51114295,1.0,,5000.0,0.00051114295,5.1114295,,,0.0,0.0,0.0,0.0,0.0,0.0,5000.0,0.00051114295,0.51114295,5000.0,0.00051114295,0.51114295,,,,,,,0.0,0.0,0.0,0.5016398,1.3743556026948,4.169881,0.11495912,0.041803315
,Rwanda,2009,10043736.0,7000.0,0.0006969518,0.6969518,1.4,,5000.0,0.0004978227,4.978227,,,0.0,0.0,0.0,0.0,0.0,0.0,7000.0,0.0006969518,0.6969518,7000.0,0.0006969518,0.6969518,,,,,,,0.0,0.0,0.0,0.66050124,1.80959242026024,5.504177,0.1572622,0.05242073
,Rwanda,2010,10309032.0,8000.0,0.00077601854,0.7760185399999999,1.5999999,,5000.0,0.00048501158,4.8501158,,,0.0,0.0,0.0,0.0,0.0,0.0,5000.0,0.00048501158,0.48501158,4000.0,0.00038800927,0.3880092699999999,0.0,0.0,0.0,,,,0.0,0.0,0.0,0.40999994,1.12328749561644,3.5899992,0.09999999,0.03999999
,Rwanda,2011,10576932.0,9000.0,0.0008509084,0.8509084,1.8,,5000.0,0.00047272688,4.7272688,,,0.0,0.0,0.0,0.0,0.0,0.0,5000.0,0.00047272688,0.4727268799999999,4000.0,0.0003781815,0.3781815,0.0,0.0,0.0,,,,0.0,0.0,0.0,0.4199999,1.1506846460274,3.6099992,0.09999998,0.03999999
,Rwanda,2012,10840331.0,4000.0,0.00036899242,0.36899242,0.5,,8000.0,0.00073798484,7.3798484,,,0.0,0.0,0.0,0.0,0.0,0.0,5000.0,0.00046124053,0.46124053,5000.0,0.00046124053,0.46124053,0.0,0.0,0.0,,,,0.0,0.0,0.0,0.42999998,1.17808212520548,3.7499998,0.099999994,0.039999995
,Rwanda,2013,11101352.0,4000.0,0.00036031648,0.36031648,0.44439998,,9000.0,0.00081071205,8.1071205,,,0.0,0.0,0.0,0.0,0.0,0.0,5000.0,0.0004503956,0.4503956,5000.0,0.0004503956,0.4503956,0.0,0.0,0.0,,,,0.0,0.0,0.0,0.4099999,1.1232873860274,3.5299993,0.08999998,0.03999999
,Rwanda,2014,11368450.0,4000.0,0.00035185096,0.35185096,0.3636,,11000.0,0.00096759014,9.6759014,,,0.0,0.0,0.0,,,,5000.0,0.00043981368,0.43981368,5000.0,0.00043981368,0.43981368,0.0,0.0,0.0,,,,0.0,0.0,0.0,0.41,1.12328766,3.57,0.1,0.04
,Rwanda,2015,11642963.0,4000.0,0.00034355515,0.34355515,0.3636,,11000.0,0.0009447767,9.447767,,,0.0,0.0,0.0,,,,5000.0,0.00042944396,0.42944396,5000.0,0.00042944396,0.42944396,0.0,0.0,0.0,,,,0.0,0.0,0.0,0.40999988,1.12328733123288,3.549999,0.08999998,0.039999988
,Rwanda,2016,11930902.0,4000.0,0.00033526385,0.33526385,0.3636,,11000.0,0.00092197553,9.2197553,,,0.0,0.0,0.0,,,,5000.0,0.0004190798,0.4190798,5000.0,0.0004190798,0.4190798,0.0,0.0,0.0,,,,0.0,0.0,0.0,0.41999993,1.15068472821918,3.6099994,0.09999999,0.039999995
,Rwanda,2017,12230343.0,4000.0,0.00032705543,0.32705543,0.3636,,11000.0,0.0008994024,8.994024,,,0.0,0.0,0.0,,,,5000.0,0.00040881927,0.40881927,5000.0,0.00040881927,0.40881927,0.0,0.0,0.0,,,,0.0,0.0,0.0,0.40999988,1.12328733123288,3.539999,0.08999998,0.039999988
,Rwanda,2018,12531810.0,5195.0,0.00041454507,0.4145450699999999,0.6418,,8094.0,0.0006458764,6.458764,,,0.0,0.0,0.0,0.0,0.0,0.0,5000.0,0.00039898467,0.39898467,5000.0,0.00039898467,0.39898467,0.0,0.0,0.0,,,,0.0,0.0,0.0,0.41,1.12328766,3.5499997,0.09,0.04
,Rwanda,2019,12835029.0,4000.0,0.00031164713,0.31164713,0.3636,,11000.0,0.00085702963,8.5702963,,,0.0,0.0,0.0,,,,5000.0,0.0003895589,0.3895589,5000.0,0.0003895589,0.3895589,0.0,0.0,0.0,,,,0.0,0.0,0.0,0.39000002,1.06849319479452,3.3800004,0.09000001,0.040000003
,Rwanda,2020,13146367.0,3469.0,0.00026387518,0.26387518,0.77019995,,4504.0,0.00034260415,3.4260415,,,1000.0,7.6066644e-05,0.076066644,0.0,0.0,0.0,6000.0,0.00045639987,0.45639987,5000.0,0.00038033322,0.3803332199999999,0.0,0.0,0.0,,,,0.0,0.0,0.0,0.4099998,1.1232871120548,3.5299983,0.08999996,0.03999998
,Rwanda,2021,13461891.0,3338.0,0.00024795922,0.24795922,0.7549,,4422.0,0.00032848283,3.2848283,,,0.0,0.0,0.0,,,,6000.0,0.0004457026,0.4457026,5000.0,0.00037141884,0.37141884,0.0,0.0,0.0,,,,0.0,0.0,0.0,0.38999996,1.06849303041096,3.3599997,0.089999996,0.039999995
,Rwanda,2022,13776702.0,7318.0,0.00053118664,0.53118664,0.56839997,,12875.0,0.0009345488,9.345488,,,,,,,,,,,,,,,,,,,,,,,,,,,,
,South Sudan,2012,10701605.0,60000.0,0.0056066355,5.6066355,0.9231,,65000.0,0.0060738553,60.738553,,,,,,,,,,,,,,,,,,,,,,,,,,,,
,South Sudan,2013,11106037.0,7000.0,0.00063028786,0.63028786,0.7,,10000.0,0.00090041116,9.0041116,,,,,,,,,,,,,,,,,,,,,,,,,,,,
,South Sudan,2014,11213286.0,12551.0,0.0011192972,1.1192972,1.1460999,,10951.0,0.0009766093,9.766093,,,,,,,,,,,,,,,,,,,,,,,,,,,,
,South Sudan,2015,11194300.0,60362.0,0.0053922087,5.392208699999999,0.9073,,66529.0,0.005943114,59.43114,,,,,,,,,,,,,,,,,,,,,,,,,,,,
,South Sudan,2016,11066116.0,54123.0,0.004890876,4.890876,0.87909997,,61566.0,0.0055634696,55.634696,,,,,,,,,,,,,,,,,,,,,,,,,,,,
,South Sudan,2017,10658230.0,50079.0,0.0046986225,4.6986225,0.88519996,,56575.0,0.0053081047,53.081047,,,,,,,,,,,,,,,,,,,,,,,,,,,,
,South Sudan,2018,10395332.0,43616.0,0.0041957293,4.1957293,0.75369996,,57872.0,0.0055671143,55.671143,,,,,,,,,,,,,,,,,,,,,,,,,,,,
,South Sudan,2019,10447677.0,33558.0,0.0032120058,3.2120058,0.88049996,,38111.0,0.0036477966,36.477966,,,0.0,0.0,0.0,0.0,0.0,0.0,34000.0,0.0032543119,3.2543119000000003,32000.0,0.0030628818,3.0628818000000004,0.0,0.0,0.0,,,,2000.0,0.00019143011,0.19143011,3.0499978,8.3561582726028,28.519981,0.76999944,0.31999978
,South Sudan,2020,10606224.0,35851.0,0.003380185,3.380185,0.8835,,40578.0,0.0038258669,38.258669000000005,,,0.0,0.0,0.0,,,,36000.0,0.0033942335,3.3942335000000003,34000.0,0.003205665,3.205665,0.0,0.0,0.0,,,,2000.0,0.00018856852,0.18856852,3.210002,8.794525939451999,29.95002,0.8100005,0.3400002
,South Sudan,2021,10748278.0,47851.0,0.004451969,4.451969,0.8476,,56452.0,0.00525219,52.5219,,,0.0,0.0,0.0,,,,48000.0,0.0044658314,4.4658314,45000.0,0.0041867173,4.1867173,,,,,,,2000.0,0.00018607632,0.18607632,4.2299967,11.5890319389042,40.40997,1.0999992,0.45999965
,South Sudan,2022,10913172.0,48015.0,0.004399729,4.399729,0.8505,,56452.0,0.0051728315,51.728315,,,,,,,,,,,,,,,,,,,,,,,,,,,,
,Tanzania,1961,10337892.0,145000.0,0.01402607,14.02607,0.8056,,180000.0,0.017411673,174.11673,,,1000.0,9.673152e-05,0.09673152,1000.0,9.673152e-05,0.09673152,146000.0,0.014122802,14.122802,63000.0,0.0060940855,6.094085499999999,3000.0,0.00029019456,0.29019456,,,,15000.0,0.0014509727,1.4509727,6.08058,16.65912312108,52.989346,1.4047544,0.4113924
,Tanzania,1962,10644625.0,135000.0,0.012682457,12.682457,0.8182,,165000.0,0.015500781,155.00781,,,8000.0,0.000751553,0.7515529999999999,1000.0,9.394412e-05,0.09394412,143000.0,0.013434011,13.434011,61000.0,0.0057305917,5.7305917,3000.0,0.00028183238,0.28183238,,,,14000.0,0.0013152178,1.3152178,5.7712693,15.8116965542118,50.345543,1.3349198,0.39144263
,Tanzania,1963,10960163.0,142000.0,0.012956012,12.956012,0.7978,,178000.0,0.016240634,162.40634,,,9000.0,0.00082115567,0.82115567,0.0,0.0,0.0,151000.0,0.013777168,13.777168,65000.0,0.0059305686,5.9305686,3000.0,0.00027371856,0.27371856,,,,15000.0,0.0013685928,1.3685927999999998,5.9241366,16.2305110705716,51.660477,1.3756045,0.40163636
,Tanzania,1964,11289560.0,102849.0,0.009110098,9.110098,0.60499996,,170000.0,0.01505816,150.58159999999998,,,4000.0,0.00035430965,0.35430965,1000.0,8.857741e-05,0.08857741,106000.0,0.009389206,9.389206,45000.0,0.0039859833,3.9859833,2000.0,0.00017715483,0.1771548299999999,,,,11000.0,0.00097435154,0.97435154,4.0074735,10.979379342261,34.90218,0.92402893,0.27118242
,Tanzania,1965,11630608.0,116595.0,0.010024841,10.024841,0.6859,,170000.0,0.014616605,146.16604999999998,,,3000.0,0.0002579401,0.2579401,5000.0,0.00042990013,0.42990013,115000.0,0.009887703,9.887703,49000.0,0.004213021,4.213021,2000.0,0.00017196006,0.17196006,,,,12000.0,0.0010317604,1.0317604,4.1887846,11.4761220770196,36.54388,0.9743695,0.2812613
,Tanzania,1966,11981936.0,133803.0,0.011167061,11.167061,0.66899997,,200000.0,0.016691793,166.91793,,,1000.0,8.345897e-05,0.08345897,4000.0,0.00033383587,0.33383587,131000.0,0.010933124,10.933124,56000.0,0.004673702,4.6737020000000005,3000.0,0.0002503769,0.2503769,,,,13000.0,0.0010849666,1.0849666,4.6717577,12.7993360363902,40.71964,1.0850534,0.3114505
,Tanzania,1967,12346291.0,121226.0,0.009818819,9.818819,0.60609996,,200000.0,0.016199198,161.99198,,,1000.0,8.099598e-05,0.08099598,8000.0,0.00064796786,0.64796786,115000.0,0.009314538,9.314538,48000.0,0.0038878073,3.8878073,2000.0,0.00016199196,0.16199196,,,,12000.0,0.0009719518,0.9719518,3.928593,10.763268385518,34.23201,0.91432726,0.26123634
,Tanzania,1968,12739969.0,122380.0,0.009605989,9.605989,0.6119,,200000.0,0.015698625,156.98625,,,1000.0,7.8493125e-05,0.078493125,3000.0,0.00023547938,0.23547938,121000.0,0.009497669,9.497669,52000.0,0.0040816427,4.0816427,2000.0,0.00015698625,0.15698625,,,,12000.0,0.00094191753,0.94191753,4.0448775,11.081856053565,35.259686,0.9334332,0.27099675
,Tanzania,1969,13167787.0,135938.0,0.010323526,10.323526,0.6473,,210000.0,0.01594801,159.4801,,,3000.0,0.00022782871,0.22782871,6000.0,0.00045565743,0.45565743,133000.0,0.010100407,10.100407,56000.0,0.0042528026,4.2528026,3000.0,0.00022782871,0.22782871,,,,14000.0,0.0010632006,1.0632006,4.28592,11.74224645792,37.331562,0.9913693,0.2904011
,Tanzania,1970,13618190.0,154042.0,0.011311488,11.311488,0.7266,,212000.0,0.0155674135,155.674135,,,2000.0,0.0001468624,0.1468624,7000.0,0.0005140184,0.5140184,150000.0,0.011014679,11.014679,64000.0,0.0046995967,4.6995967,3000.0,0.00022029359,0.2202935899999999,,,,16000.0,0.0011748992,1.1748992,4.6954474,12.8642393234124,40.91034,1.0889443,0.31969005
,Tanzania,1971,14092217.0,128846.0,0.009143061,9.143061,0.61359996,,210000.0,0.014901843,149.01843,,,0.0,0.0,0.0,9000.0,0.0006386504,0.6386504,120000.0,0.008515338,8.515338000000002,51000.0,0.003619019,3.619019,3000.0,0.00021288346,0.21288346,,,,13000.0,0.00092249503,0.92249503,3.5979044,9.8572722301944,31.364557,0.8371855,0.23919585
,Tanzania,1972,14595704.0,128382.0,0.008795876,8.795876,0.6419,,200000.0,0.013702662,137.02661999999998,,,0.0,0.0,0.0,3000.0,0.00020553994,0.20553994,125000.0,0.008564164,8.564164000000002,53000.0,0.0036312055,3.6312055,3000.0,0.00020553994,0.20553994,,,,13000.0,0.000890673,0.890673,3.6670687,10.046763461176202,31.930332,0.84471774,0.24844639
,Tanzania,1973,15123510.0,105464.0,0.0069735134,6.9735134,0.5273,,200000.0,0.013224443,132.24443,,,0.0,0.0,0.0,4000.0,0.00026448886,0.26448886,101000.0,0.0066783438,6.6783438,43000.0,0.0028432554,2.8432554,2000.0,0.00013224443,0.13224443,,,,11000.0,0.00072734436,0.7273443599999999,2.8334281,7.7628166347006,24.718195,0.6538681,0.18823475
,Tanzania,1974,15671323.0,114389.0,0.007299256,7.299256,0.63549995,,180000.0,0.011485948,114.85948,,,0.0,0.0,0.0,1000.0,6.3810825e-05,0.063810825,114000.0,0.0072744335,7.2744335,48000.0,0.0030629195,3.0629195,2000.0,0.00012762165,0.12762165,,,,11000.0,0.000701919,0.701919,3.080914,8.440860189564,26.869125,0.7109802,0.20736921
,Tanzania,1975,16243823.0,185000.0,0.011388944,11.388944,0.8409,,220000.0,0.0135436095,135.436095,,,14000.0,0.00086186605,0.8618660499999999,0.0,0.0,0.0,199000.0,0.012250811,12.250811,91000.0,0.0056021293,5.6021293,4000.0,0.00024624745,0.24624745,,,,19000.0,0.0011696754,1.1696754,5.6263947,15.4147798458522,49.08341,1.3082352,0.38361782
,Tanzania,1976,16838920.0,225000.0,0.013361902,13.361902,1.125,,200000.0,0.011877246,118.77246,,,32000.0,0.0019003594,1.9003594,0.0,0.0,0.0,257000.0,0.015262261,15.262261,128000.0,0.0076014376,7.601437600000001,5000.0,0.00029693116,0.29693116,,,,23000.0,0.0013658833,1.3658833,7.6001267,20.8222647232842,66.29543,1.7629158,0.51908076
,Tanzania,1977,17454628.0,254000.0,0.014552015,14.552015,0.72569996,,350000.0,0.020051988,200.51988,,,21000.0,0.0012031193,1.2031193,0.0,0.0,0.0,275000.0,0.015755134,15.755134,130000.0,0.0074478816,7.4478816,5000.0,0.00028645698,0.28645698,,,,25000.0,0.001432285,1.432285,7.4192,20.3265751392,64.696205,1.7158728,0.50696236
,Tanzania,1978,18080016.0,376000.0,0.020796442,20.796442,0.8545,,440000.0,0.024336262,243.36262,,,1000.0,5.5309687e-05,0.055309687,10000.0,0.0005530969,0.5530969,367000.0,0.020298654,20.298654,158000.0,0.00873893,8.73893,8000.0,0.0004424775,0.4424774999999999,,,,38000.0,0.002101768,2.101768,8.71973,23.88967099398,75.99178,2.019715,0.59232026
,Tanzania,1979,18698646.0,460000.0,0.024600713,24.600713,1.0222,,450000.0,0.024065914,240.65914,,,0.0,0.0,0.0,46000.0,0.0024600711,2.4600711,414000.0,0.02214064,22.14064,176000.0,0.009412446,9.412446,9000.0,0.00048131827,0.48131827,,,,46000.0,0.0024600711,2.4600711,9.415048,25.794651796848,82.08139,2.179409,0.6392934
,Tanzania,1980,19297660.0,340000.0,0.017618716,17.618716,0.7556,,450000.0,0.023318889,233.18889,,,0.0,0.0,0.0,2000.0,0.00010363951,0.1036395099999999,338000.0,0.017515076,17.515076,145000.0,0.0075138644,7.513864399999999,7000.0,0.00036273827,0.36273827,,,,34000.0,0.0017618716,1.7618716,7.524124,20.614038150024,65.61579,1.7430403,0.51322854
,Tanzania,1981,19890932.0,280000.0,0.014076767,14.076767,0.6222,,450000.0,0.022623375,226.23375,,,1000.0,5.0274164e-05,0.050274164,0.0,0.0,0.0,281000.0,0.01412704,14.12704,122000.0,0.0061334483,6.1334483,6000.0,0.000301645,0.301645,,,,28000.0,0.0014076766,1.4076766,6.1459103,16.838110242577798,53.5586,1.4249982,0.41683617
,Tanzania,1982,20499924.0,390000.0,0.019024462,19.024462,1.9506999,,199930.0,0.009752719,97.52719,,,0.0,0.0,0.0,0.0,0.0,0.0,390000.0,0.019024462,19.024462,170000.0,0.008292714,8.292714,8000.0,0.00039024535,0.39024535,,,,39000.0,0.001902446,1.902446,8.289247,22.710265526322,72.25427,1.9218627,0.56296986
,Tanzania,1983,21170722.0,320000.0,0.0151152145,15.1152145,1.403,,228090.0,0.010773841,107.73841,,,0.0,0.0,0.0,0.0,0.0,0.0,320000.0,0.0151152145,15.1152145,139000.0,0.0065656714,6.565671399999999,6000.0,0.00028341028,0.28341028,,,,32000.0,0.0015115214,1.5115214,6.55637,17.962657354620003,57.14516,1.5227072,0.4461435
,Tanzania,1984,21857182.0,305000.0,0.013954223,13.954223,1.1114,,274430.0,0.012555598,125.55598,,,0.0,0.0,0.0,0.0,0.0,0.0,305000.0,0.013954223,13.954223,132000.0,0.006039205,6.039205,6000.0,0.0002745093,0.2745092999999999,,,,31000.0,0.0014182981,1.4182981,6.0187373,16.4896910679798,52.50161,1.3956493,0.40706435
,Tanzania,1985,22569634.0,410000.0,0.018166002,18.166002,1.1862999,,345610.0,0.015313053,153.13053,,,0.0,0.0,0.0,0.0,0.0,0.0,410000.0,0.018166002,18.166002,178000.0,0.007886703,7.886703,8000.0,0.00035445855,0.35445855,,,,41000.0,0.0018166001,1.8166001,7.880456,21.590290195056,68.72648,1.8297372,0.53246325
,Tanzania,1986,23324272.0,293000.0,0.012562022,12.562022,0.8825,,332000.0,0.0142341,142.341,,,0.0,0.0,0.0,0.0,0.0,0.0,293000.0,0.012562022,12.562022,127000.0,0.005444972,5.444972,6000.0,0.00025724276,0.2572427599999999,,,,29000.0,0.00124334,1.24334,5.4377966,14.898072727731602,47.38513,1.255619,0.3670271
,Tanzania,1987,24099424.0,291000.0,0.012074977,12.074977,1.0034,,290000.0,0.012033483,120.33483,,,0.0,0.0,0.0,0.0,0.0,0.0,291000.0,0.012074977,12.074977,126000.0,0.0052283406,5.2283406,6000.0,0.0002489686,0.2489686,,,,29000.0,0.0012033483,1.2033483,5.2314005,14.332603966263,45.579662,1.2139162,0.35646746
,Tanzania,1988,24844152.0,219120.0,0.008819782,8.819782,0.79859996,,274370.0,0.011043645,110.43645,,,0.0,0.0,0.0,0.0,0.0,0.0,219000.0,0.008814951,8.814950999999999,94000.0,0.0037835867,3.7835867,4000.0,0.00016100369,0.16100369,,,,22000.0,0.00088552025,0.88552025,3.7858684,10.3722420880584,33.051693,0.876626,0.26009783
,Tanzania,1989,25522898.0,300000.0,0.011754151,11.754150999999998,1.0,,300000.0,0.011754151,117.54151,,,0.0,0.0,0.0,0.0,0.0,0.0,300000.0,0.011754151,11.754150999999998,131000.0,0.005132646,5.132646,6000.0,0.00023508302,0.23508302,,,,30000.0,0.0011754151,1.1754151,5.1165404,14.0179187639304,44.636738,1.1896682,0.34819558
,Tanzania,1990,26206024.0,200000.0,0.007631833,7.631833,1.1236,,178000.0,0.0067923316,67.923316,,,0.0,0.0,0.0,0.0,0.0,0.0,200000.0,0.007631833,7.631833,86000.0,0.0032816883,3.2816883000000003,4000.0,0.00015263665,0.1526366499999999,,,,20000.0,0.0007631833,0.7631833,3.287004,9.005490320904,28.639723,0.7585393,0.22367185
,Tanzania,1991,26890906.0,200000.0,0.0074374587,7.4374587,0.7813,,256000.0,0.009519947,95.19947,,,0.0,0.0,0.0,0.0,0.0,0.0,200000.0,0.0074374587,7.4374587,86000.0,0.0031981072,3.1981072,4000.0,0.00014874917,0.14874917,,,,20000.0,0.0007437459,0.7437459,3.1830556,8.7207001867656,27.785627,0.7345513,0.21546838
,Tanzania,1992,27580728.0,262778.0,0.009527595,9.527595,0.8516,,308557.0,0.011187413,111.87413,,,0.0,0.0,0.0,0.0,0.0,0.0,242000.0,0.008774242,8.774242,92000.0,0.0033356624,3.3356624,5000.0,0.000181286,0.181286,,,,26000.0,0.0009426872,0.9426872,3.337754,9.144531415404,29.131283,0.77025086,0.22712526
,Tanzania,1993,28469018.0,210250.0,0.0073852213,7.385221299999999,0.6477,,324590.0,0.011401517,114.01517,,,0.0,0.0,0.0,0.0,0.0,0.0,210000.0,0.00737644,7.37644,90000.0,0.0031613314,3.1613314,4000.0,0.00014050362,0.14050362,,,,21000.0,0.000737644,0.737644,3.1748188,8.698133611648801,27.703012,0.73188967,0.21758881
,Tanzania,1994,29598330.0,295000.0,0.009966779,9.966779,1.0727,,275000.0,0.009291065,92.91065,,,0.0,0.0,0.0,0.0,0.0,0.0,295000.0,0.009966779,9.966779,128000.0,0.0043245684,4.3245684,6000.0,0.00020271415,0.2027141499999999,,,,30000.0,0.0010135707,1.0135706999999998,4.3308344,11.8652996073744,37.77941,1.0016896,0.2946146
,Tanzania,1995,30560072.0,222000.0,0.007264381,7.264381,1.0673,,208000.0,0.0068062665,68.062665,,,0.0,0.0,0.0,0.0,0.0,0.0,222000.0,0.007264381,7.264381,96000.0,0.0031413538,3.1413538,4000.0,0.00013088975,0.13088975,,,,22000.0,0.0007198936,0.7198936,3.13549,8.59038347574,27.376747,0.7250821,0.21556494
,Tanzania,1996,31140730.0,269000.0,0.008638205,8.638205,1.1645,,231000.0,0.0074179377,74.179377,,,0.0,0.0,0.0,0.0,0.0,0.0,248000.0,0.007963846,7.963846,95000.0,0.003050667,3.050667,5000.0,0.00016056142,0.16056142,,,,27000.0,0.0008670317,0.8670317,3.0443215,8.340606765909001,26.499435,0.70177543,0.20756738
,Tanzania,1997,31785852.0,347000.0,0.010916807,10.916807,0.9813,,353600.0,0.011124446,111.24446,,,0.0,0.0,0.0,1000.0,3.146054e-05,0.0314605399999999,346000.0,0.010885346,10.885346,150000.0,0.004719081,4.719081,7000.0,0.00022022377,0.22022377,,,,35000.0,0.0011011189,1.1011189,4.730072,12.959101240272,41.249004,1.0930839,0.317988
,Tanzania,1998,32626500.0,235900.0,0.007230319,7.230319,0.8799,,268100.0,0.008217246,82.17245999999999,,,0.0,0.0,0.0,0.0,0.0,0.0,236000.0,0.007233384,7.233384,102000.0,0.003126293,3.126293,5000.0,0.00015324965,0.15324965,,,,24000.0,0.0007355984,0.7355984,3.135932,8.591594434632,27.330242,0.72444,0.20840053
,Tanzania,1999,33499776.0,194400.0,0.005803024,5.803024000000001,0.9928,,195805.0,0.0058449646,58.449646,,,0.0,0.0,0.0,0.0,0.0,0.0,194000.0,0.0057910834,5.7910834,83000.0,0.0024776284,2.4776284,4000.0,0.00011940378,0.11940378,,,,19000.0,0.000567168,0.5671679999999999,2.4961708,6.8388240412008,21.72263,0.57451546,0.16839246
,Tanzania,2000,34463704.0,219000.0,0.0063545112,6.3545112,0.86939996,,251900.0,0.007309139,73.09139,,,0.0,0.0,0.0,0.0,0.0,0.0,224000.0,0.0064995917,6.4995917,100000.0,0.0029016035,2.9016035,4000.0,0.00011606413,0.11606413,,,,22000.0,0.00063835277,0.63835277,2.9022343,7.9513267698018,25.281027,0.67126507,0.1974309
,Tanzania,2001,35414464.0,206500.0,0.005830951,5.830951,1.0268999,,201100.0,0.0056784707,56.784707,,,0.0,0.0,0.0,1000.0,2.8237051e-05,0.028237051,211000.0,0.0059580174,5.958017399999999,93000.0,0.0026260456,2.6260456,4000.0,0.000112948204,0.112948204,,,,21000.0,0.00059297803,0.5929780299999999,2.6308362,7.2077703388812,22.899113,0.61090577,0.17735974
,Tanzania,2002,36353528.0,233410.0,0.0064205597,6.4205597,0.6505,,358830.0,0.009870569,98.70569,,,0.0,0.0,0.0,0.0,0.0,0.0,244000.0,0.006711866,6.7118660000000006,112000.0,0.0030808565,3.0808565,5000.0,0.00013753823,0.13753823,,,,23000.0,0.0006326759,0.6326759,3.073009,8.419202655534,26.790337,0.709156,0.20683715
,Tanzania,2003,37333916.0,91280.0,0.0024449618,2.4449618,0.4522,,201850.0,0.005406612,54.06612,,,0.0,0.0,0.0,0.0,0.0,0.0,112000.0,0.0029999532,2.9999532,59000.0,0.0015803325,1.5803325,2000.0,5.357059e-05,0.0535705899999999,,,,9000.0,0.00024106767,0.24106767,1.5656003,4.2893158475178,13.667002,0.3643221,0.108311966
,Tanzania,2004,38360884.0,246250.0,0.0064192996,6.4192996,0.7078,,347910.0,0.009069394,90.69394,,,0.0,0.0,0.0,2000.0,5.213644e-05,0.05213644,244000.0,0.006360646,6.360646,105000.0,0.002737163,2.737163,5000.0,0.00013034111,0.13034111,,,,25000.0,0.00065170554,0.65170554,2.7466612,7.5250991028312,23.91269,0.6399031,0.18704861
,Tanzania,2005,39439508.0,218760.0,0.0055467226,5.5467226,0.7725,,283180.0,0.00718011,71.8011,,,0.0,0.0,0.0,2000.0,5.0710572e-05,0.0507105719999999,217000.0,0.005502097,5.502097,93000.0,0.0023580415,2.3580415,4000.0,0.000101421145,0.1014211449999999,,,,22000.0,0.0005578163,0.5578163,2.3723886,6.4996947295236,20.642733,0.5512604,0.15750298
,Tanzania,2006,40562056.0,246665.0,0.006081176,6.081176,0.759,,325000.0,0.008012414,80.12414000000001,,,0.0,0.0,0.0,0.0,0.0,0.0,246000.0,0.0060647815,6.0647815,105000.0,0.0025886262,2.5886262,5000.0,0.0001232679,0.1232678999999999,,,,25000.0,0.00061633956,0.61633956,2.5996435,7.122310887681,22.658255,0.60067517,0.17724842
,Tanzania,2007,41716500.0,307906.0,0.0073809163,7.3809163,0.7698,,400000.0,0.009588532,95.88532,,,0.0,0.0,0.0,1000.0,2.397133e-05,0.02397133,307000.0,0.0073591983,7.359198299999999,133000.0,0.003188187,3.188187,6000.0,0.00014382799,0.14382799,,,,31000.0,0.00074311125,0.74311125,3.1936715,8.749784844009001,27.875628,0.7392758,0.21685424
,Tanzania,2008,42870888.0,149520.0,0.0034876815,3.4876815,0.69879997,,213972.0,0.004991079,49.91079,,,2000.0,4.6651705e-05,0.046651705,2000.0,4.6651705e-05,0.046651705,150000.0,0.0034988779,3.4988779,63000.0,0.0014695287,1.4695287,3000.0,6.9977556e-05,0.069977556,,,,15000.0,0.0003498878,0.3498878,1.4720353,4.0329733843278,12.813622,0.33590066,0.09879432
,Tanzania,2009,43957940.0,312420.0,0.0071072485,7.1072485,0.784,,398506.0,0.009065621,90.65621,,,0.0,0.0,0.0,12000.0,0.00027298823,0.27298823,300000.0,0.0068247057,6.8247057,129000.0,0.0029346235,2.9346235000000003,6000.0,0.00013649411,0.13649411,,,,31000.0,0.0007052196,0.7052196,2.9286633,8.0237349882558,25.5439,0.6750817,0.19855344
,Tanzania,2010,45110532.0,350870.0,0.007778006,7.778005999999999,1.0145,,345855.0,0.007666835,76.66835,,,0.0,0.0,0.0,1000.0,2.2167773e-05,0.022167773,349000.0,0.0077365525,7.736552499999999,150000.0,0.003325166,3.325166,1000.0,2.2167773e-05,0.022167773,,,,43000.0,0.0009532142,0.9532142,3.32,9.09589032,30.39,0.81,0.33
,Tanzania,2011,46416032.0,397069.0,0.008554566,8.554566,1.1271,,352307.0,0.0075902008,75.90200800000001,,,0.0,0.0,0.0,1000.0,2.154428e-05,0.02154428,394000.0,0.0084884465,8.4884465,169000.0,0.0036409833,3.6409833,1000.0,2.154428e-05,0.02154428,,,,49000.0,0.0010556697,1.0556697,3.65,9.9999999,33.45,0.89,0.36
,Tanzania,2012,47786136.0,213746.0,0.004472971,4.472971,0.8208,,260417.0,0.005449635,54.49635000000001,,,0.0,0.0,0.0,1000.0,2.092657e-05,0.02092657,212000.0,0.0044364333,4.4364333,91000.0,0.001904318,1.904318,0.0,0.0,0.0,,,,26000.0,0.0005440909,0.5440908999999999,1.9000002,5.2054799479452,17.440002,0.47000006,0.19000001
,Tanzania,2013,49253648.0,322731.0,0.0065524285,6.5524285,0.96459997,,334575.0,0.006792898,67.92898000000001,,,19000.0,0.00038575823,0.38575823,0.0,0.0,0.0,339000.0,0.006882739,6.882739,146000.0,0.0029642475,2.9642475,2000.0,4.060613e-05,0.04060613,,,,40000.0,0.0008121226,0.8121225999999999,2.9699996,8.1369851241096,27.189997,0.7299999,0.28999996
,Tanzania,2014,50814552.0,362750.0,0.007138703,7.138703,0.993,,365300.0,0.0071888855,71.88885499999999,,,3000.0,5.9038208e-05,0.059038208,1000.0,1.9679403e-05,0.019679403,360000.0,0.007084585,7.084585,154000.0,0.003030628,3.030628,2000.0,3.9358805e-05,0.039358805,,,,45000.0,0.0008855731,0.8855731,3.03,8.30136978,27.76,0.74,0.3
,Tanzania,2015,52542824.0,330060.0,0.006281733,6.281733,0.9361,,352590.0,0.006710526,67.10526,,,0.0,0.0,0.0,1000.0,1.9032095e-05,0.019032095,325000.0,0.0061854306,6.1854306,139000.0,0.0026454611,2.6454611,1000.0,1.9032095e-05,0.019032095,,,,41000.0,0.0007803159,0.7803159000000001,2.6399999,7.2328763660274,24.199999,0.6499999,0.25999996
,Tanzania,2016,54401804.0,314968.97,0.0057896785,5.7896785,0.9912,,317768.0,0.00584113,58.4113,,,0.0,0.0,0.0,1000.0,1.8381743e-05,0.018381743,312000.0,0.005735104,5.735104000000001,133000.0,0.0024447718,2.4447718,2000.0,3.6763486e-05,0.036763486,,,,39000.0,0.000716888,0.7168880000000001,2.4499998,6.7123281520548,22.439999,0.59999996,0.23999998
,Tanzania,2017,56267040.0,308897.0,0.0054898392,5.4898392,0.9752,,316767.0,0.005629708,56.29708,,,0.0,0.0,0.0,0.0,0.0,0.0,304000.0,0.0054028076,5.4028076,130000.0,0.0023104113,2.3104113,1000.0,1.7772394e-05,0.017772394,,,,38000.0,0.00067535095,0.67535095,2.3099995,6.328765690137001,21.209995,0.56999993,0.22999997
,Tanzania,2018,58090444.0,316194.0,0.005443133,5.443133,1.2135999,,260536.0,0.004485006,44.85006,,,0.0,0.0,0.0,0.0,0.0,0.0,311000.0,0.0053537204,5.3537204,133000.0,0.0022895331,2.2895331,2000.0,3.442907e-05,0.03442907,,,,39000.0,0.00067136687,0.67136687,2.29,6.27397254,21.02,0.56,0.22999999
,Tanzania,2019,59872584.0,385962.0,0.0064463895,6.4463895,1.4296,,269970.0,0.0045090755,45.090755,,,0.0,0.0,0.0,6000.0,0.00010021281,0.10021281,375000.0,0.006263301,6.263300999999999,160000.0,0.0026723417,2.6723417,3000.0,5.0106406e-05,0.050106406,,,,48000.0,0.0008017025,0.8017025,2.6799998,7.342465132054801,24.549997,0.65999997,0.26999998
,Tanzania,2020,61704520.0,325000.0,0.005267037,5.267036999999999,1.2037,,270000.0,0.0043756925,43.756925,,,0.0,0.0,0.0,3000.0,4.8618804e-05,0.048618804,318000.0,0.005153593,5.153593,136000.0,0.0022040524,2.2040524,2000.0,3.2412536e-05,0.032412536,,,,40000.0,0.00064825075,0.64825075,2.2,6.027397200000001,20.16,0.54,0.22
,Tanzania,2021,63588332.0,335000.0,0.0052682622,5.268262200000001,1.1166999,,300000.0,0.004717847,47.17847,,,0.0,0.0,0.0,6000.0,9.435693e-05,0.09435693,325000.0,0.0051110005,5.111000499999999,139000.0,0.0021859356,2.1859356,2000.0,3.145231e-05,0.03145231,,,,41000.0,0.0006447724,0.6447724,2.1799998,5.9726021320548,19.989998,0.5299999,0.21999998
,Tanzania,2022,65497752.0,335000.0,0.005114679,5.114679,1.1166999,,300000.0,0.00458031,45.8031,,,,,,,,,,,,,,,,,,,,,,,,,,,,
,Uganda,1961,7838441.0,420000.0,0.053582083,53.582083,0.8092,,519000.0,0.06621215,662.1215,,,0.0,0.0,0.0,1000.0,0.0001275764,0.1275763999999999,419000.0,0.053454507,53.454507,285000.0,0.03635927,36.35927,42000.0,0.0053582084,5.3582084,,,,29000.0,0.0036997152,3.6997152,36.293465,99.43414969059,267.29333,4.4517603,1.1174097
,Uganda,1962,8068828.0,430000.0,0.053291507,53.291507,0.8113,,530000.0,0.06568488,656.8488,,,0.0,0.0,0.0,4000.0,0.0004957349,0.4957349,426000.0,0.05279577,52.79577,289000.0,0.03581685,35.816849999999995,43000.0,0.0053291507,5.3291507000000005,,,,30000.0,0.003718012,3.718012,35.810455,98.11083463533,263.73758,4.396673,1.094682
,Uganda,1963,8311016.0,430000.0,0.05173856,51.73856,0.81439996,,528000.0,0.06353014,635.3014,,,0.0,0.0,0.0,2000.0,0.00024064447,0.24064447,428000.0,0.051497914,51.497914,290000.0,0.034893446,34.893446000000004,43000.0,0.005173856,5.173856,,,,30000.0,0.003609667,3.609667,34.944073,95.737185343998,257.3736,4.2880583,1.0720146
,Uganda,1964,8564759.0,430000.0,0.050205734,50.205734,0.8129,,529000.0,0.06176473,617.6473,,,0.0,0.0,0.0,4000.0,0.00046703007,0.46703007,426000.0,0.0497387,49.7387,288000.0,0.033626165,33.626165,43000.0,0.0050205733,5.0205733,,,,30000.0,0.0035027256,3.5027256,33.643818,92.174842913868,247.78854,4.1331253,1.0310203
,Uganda,1965,8829059.0,511000.0,0.057877064,57.877064,0.9001,,567700.0,0.06429904,642.9904,,,1000.0,0.00011326235,0.11326235,2000.0,0.0002265247,0.2265247,461000.0,0.052213944,52.213944,305000.0,0.03454502,34.54502,51000.0,0.00577638,5.7763800000000005,,,,36000.0,0.004077445,4.077445,34.58278,94.74734151828,254.66905,4.2479634,1.0619909
,Uganda,1966,9104744.0,520000.0,0.05711308,57.11308,0.9073,,573100.0,0.06294521,629.4521,,,0.0,0.0,0.0,1000.0,0.00010983285,0.10983285,520000.0,0.05711308,57.11308,353000.0,0.038770996,38.770996,52000.0,0.005711308,5.711308,,,,36000.0,0.0039539826,3.9539826,38.820164,106.356612635064,285.91388,4.7637134,1.1932054
,Uganda,1967,9393432.0,575000.0,0.061212983,61.212983,0.9371,,613600.0,0.065322235,653.22235,,,1000.0,0.000106457366,0.106457366,3000.0,0.00031937208,0.31937208,544000.0,0.057912804,57.912804,364000.0,0.03875048,38.75048,58000.0,0.006174527,6.174527,,,,40000.0,0.0042582946,4.2582946,38.76939,106.21750578714,285.5269,4.7593904,1.1875638
,Uganda,1968,9696375.0,688890.0,0.07104614,71.04614,0.9984,,690000.0,0.071160614,711.60614,,,1000.0,0.00010313132,0.10313132,3000.0,0.00030939397,0.30939397,597000.0,0.0615694,61.5694,392000.0,0.04042748,40.42748,69000.0,0.0071160616,7.1160616,,,,48000.0,0.0049503036,4.9503036,40.465027,110.863086562602,297.97888,4.9689074,1.2445146
,Uganda,1969,10006532.0,836733.0,0.08361868,83.61868,1.1462,,730000.0,0.072952345,729.52345,,,2000.0,0.00019986945,0.19986945,1000.0,9.9934725e-05,0.099934725,737000.0,0.07365189,73.65189,401000.0,0.040073823,40.073823,84000.0,0.008394517,8.394517,,,,168000.0,0.016789034,16.789034,40.025326,109.658426300676,294.7736,4.917319,1.2270405
,Uganda,1970,10317218.0,783000.0,0.07589255,75.89255,1.3454,,582000.0,0.056410555,564.10555,,,1000.0,9.692535e-05,0.09692535,3000.0,0.00029077605,0.29077605,780000.0,0.07560178,75.60177999999999,382000.0,0.037025485,37.025485,78000.0,0.0075601777,7.5601777,,,,235000.0,0.022777459,22.777459,36.979343,101.313267480018,272.32324,4.541162,1.1352905
,Uganda,1971,10616344.0,650000.0,0.06122635,61.22635,0.90779996,,716000.0,0.06744318,674.4318000000001,,,1000.0,9.419439e-05,0.09419439,2000.0,0.00018838877,0.18838877,670000.0,0.06311024,63.11024,330000.0,0.031084146,31.084146,67000.0,0.0063110236,6.3110236,,,,201000.0,0.01893307,18.93307,31.120207,85.260840243282,229.18535,3.8179245,0.9521922
,Uganda,1972,10885572.0,594000.0,0.054567643,54.567643,1.1952,,497000.0,0.045656763,456.56763,,,0.0,0.0,0.0,0.0,0.0,0.0,609000.0,0.055945612,55.945612,297000.0,0.027283821,27.283821,61000.0,0.005603748,5.603748,,,,183000.0,0.016811244,16.811244,27.287783,74.761048567458,200.96066,3.3490386,0.83496577
,Uganda,1973,11146108.0,643000.0,0.0576883,57.6883,1.0109999,,636000.0,0.057060275,570.60275,,,0.0,0.0,0.0,0.0,0.0,0.0,593000.0,0.053202428,53.202428000000005,291000.0,0.026107768,26.107768,64000.0,0.0057419147,5.7419147,,,,174000.0,0.01561083,15.61083,26.10697,71.52594449022,192.22716,3.2024057,0.8006014
,Uganda,1974,11428675.0,591000.0,0.051712032,51.712032,1.1588,,510000.0,0.044624597,446.24597,,,0.0,0.0,0.0,0.0,0.0,0.0,601000.0,0.052587025,52.587025,312000.0,0.027299752,27.299752,60000.0,0.0052499524,5.2499524,,,,162000.0,0.014174871,14.174871,27.282814,74.74743486896399,200.90659,3.3458316,0.83876216
,Uganda,1975,11730966.0,682000.0,0.05813673,58.13673,1.4085,,484200.0,0.041275375,412.75375,,,0.0,0.0,0.0,0.0,0.0,0.0,602000.0,0.05131717,51.31717,287000.0,0.024465164,24.465164,68000.0,0.005796624,5.796624,,,,184000.0,0.015684983,15.684983,24.430271,66.932248645746,179.90906,2.999561,0.7475829
,Uganda,1976,12045233.0,576000.0,0.04781975,47.81975,1.1559,,498300.0,0.041369062,413.69062,,,0.0,0.0,0.0,0.0,0.0,0.0,606000.0,0.05031036,50.31036,313000.0,0.025985384,25.985384,61000.0,0.005064244,5.064244,,,,164000.0,0.013615345,13.615345,26.006704,71.251243123104,191.55435,3.190723,0.7953686
,Uganda,1977,12369257.0,578000.0,0.046728756,46.728756,1.0958999,,527428.0,0.04264023,426.4023,,,0.0,0.0,0.0,0.0,0.0,0.0,498000.0,0.04026111,40.26111,255000.0,0.020615628,20.615628,58000.0,0.004689045,4.689045,,,,127000.0,0.010267391,10.267391,20.634203,56.532062448378,151.96974,2.531747,0.63061833
,Uganda,1978,12702007.0,561000.0,0.04416625,44.16625,1.1,,510000.0,0.040151134,401.51134,,,0.0,0.0,0.0,0.0,0.0,0.0,466000.0,0.036687117,36.687117,261000.0,0.020547934,20.547934,56000.0,0.004408752,4.408752,,,,95000.0,0.007479133,7.479133,20.524715,56.23209532809,151.14415,2.5213952,0.6326748
,Uganda,1979,13011519.0,481000.0,0.036967244,36.967244,1.5367,,313000.0,0.024055608,240.55608,,,0.0,0.0,0.0,0.0,0.0,0.0,526000.0,0.040425718,40.425718,365000.0,0.028052067,28.052067,53000.0,0.004073314,4.073314,,,,37000.0,0.0028436342,2.8436342,28.061783,76.881596491458,206.68185,3.4445417,0.8611354
,Uganda,1980,13284030.0,459000.0,0.034552768,34.552768,1.6452,,279000.0,0.021002663,210.02663,,,0.0,0.0,0.0,0.0,0.0,0.0,459000.0,0.034552768,34.552768,317000.0,0.023863241,23.863241,46000.0,0.0034628045,3.4628045,,,,32000.0,0.0024089075,2.4089075,23.892563,65.459076057738,175.9868,2.9287045,0.73689985
,Uganda,1981,13563562.0,480000.0,0.035388935,35.388935000000004,1.5999999,,300000.0,0.022118084,221.18084,,,0.0,0.0,0.0,0.0,0.0,0.0,460000.0,0.033914395,33.914395,315000.0,0.023223989,23.223989,48000.0,0.0035388933,3.5388933,,,,34000.0,0.0025067162,2.5067162,23.195326,63.548837720676005,170.8236,2.850556,0.7150223
,Uganda,1982,13880059.0,401000.0,0.028890368,28.890368,1.2152,,330000.0,0.023775116,237.75116,,,0.0,0.0,0.0,0.0,0.0,0.0,436000.0,0.031411972,31.411972,300000.0,0.021613741,21.613741,44000.0,0.0031700153,3.1700153,,,,31000.0,0.0022334198,2.2334198,21.63701,59.27947885926,159.35934,2.659029,0.6623574
,Uganda,1983,14228930.0,545000.0,0.038302246,38.302246,1.5982,,341000.0,0.02396526,239.6526,,,0.0,0.0,0.0,0.0,0.0,0.0,450000.0,0.03162571,31.62571,297000.0,0.020872967,20.872967,55000.0,0.0038653645,3.8653645,,,,38000.0,0.0026706154,2.6706154,20.854752,57.13630627795201,153.55275,2.5585692,0.63722855
,Uganda,1984,14617950.0,332000.0,0.022711802,22.711802,1.0,,332000.0,0.022711802,227.11802,,,0.0,0.0,0.0,0.0,0.0,0.0,452000.0,0.03092089,30.92089,313000.0,0.021412032,21.412032,45000.0,0.0030784071,3.0784071,,,,32000.0,0.0021890895,2.1890895,21.382704,58.582750099104,157.44034,2.6194782,0.6597204
,Uganda,1985,15038924.0,479640.0,0.03189324,31.89324,1.5997,,299830.0,0.019936932,199.36932,,,0.0,0.0,0.0,0.0,0.0,0.0,480000.0,0.031917177,31.917177,331000.0,0.022009553,22.009553,48000.0,0.0031917177,3.1917177,,,,34000.0,0.0022608,2.2608,22.02232,60.335122684320005,162.15018,2.7003906,0.67266047
,Uganda,1986,15486815.0,427000.0,0.02757184,27.57184,1.2495999,,341699.0,0.022063864,220.63864,,,0.0,0.0,0.0,0.0,0.0,0.0,457000.0,0.029508973,29.508973,316000.0,0.020404454,20.404454,46000.0,0.0029702685,2.9702685,,,,32000.0,0.0020662737,2.0662737,20.369661,55.807289852886,150.03755,2.4996457,0.627362
,Uganda,1987,15974224.0,518000.0,0.03242724,32.427240000000005,1.5988,,324000.0,0.020282675,202.82675,,,0.0,0.0,0.0,0.0,0.0,0.0,518000.0,0.03242724,32.427240000000005,358000.0,0.022411104,22.411104,52000.0,0.003255244,3.255244,,,,36000.0,0.0022536307,2.2536307,22.381176,61.318289797776,164.84445,2.7483926,0.6895609
,Uganda,1988,16489326.0,578000.0,0.035052978,35.052978,1.558,,371000.0,0.022499403,224.99403,,,0.0,0.0,0.0,0.0,0.0,0.0,578000.0,0.035052978,35.052978,400000.0,0.024258116,24.258116,58000.0,0.003517427,3.517427,,,,40000.0,0.0024258117,2.4258117,24.238516,66.406892486616,178.49802,2.979091,0.74229836
,Uganda,1989,17028548.0,609578.0,0.035797413,35.797413,1.5989,,381240.0,0.022388285,223.88285,,,0.0,0.0,0.0,0.0,0.0,0.0,610000.0,0.035822198,35.822198,422000.0,0.024781913,24.781913,61000.0,0.0035822196,3.5822196,,,,43000.0,0.0025251713,2.5251713,24.785416,67.90524863601601,182.56137,3.0410333,0.7652273
,Uganda,1990,17586634.0,560000.0,0.031842362,31.842362,1.5013,,373000.0,0.021209288,212.09288,,,0.0,0.0,0.0,0.0,0.0,0.0,590000.0,0.033548206,33.548206,408000.0,0.023199437,23.199437,59000.0,0.0033548204,3.3548204,,,,41000.0,0.002331316,2.331316,23.201681,63.566248679406,170.8868,2.851603,0.7079154
,Uganda,1991,18171944.0,576000.0,0.031697214,31.697214,1.5,,384000.0,0.021131476,211.31476,,,0.0,0.0,0.0,1000.0,5.5029886e-05,0.055029886,590000.0,0.032467633,32.467633,407000.0,0.022397164,22.397164,59000.0,0.0032467633,3.2467633,,,,41000.0,0.0022562253,2.2562253,22.420311,61.425508974786005,165.125,2.7475872,0.6893946
,Uganda,1992,18801968.0,634000.0,0.033719875,33.719875,1.601,,396000.0,0.021061625,210.61625,,,0.0,0.0,0.0,0.0,0.0,0.0,624000.0,0.033188015,33.188015,430000.0,0.022869946,22.869946,63000.0,0.003350713,3.350713,,,,44000.0,0.0023401806,2.3401806,22.882988,62.693117181288,168.50473,2.8079123,0.69947994
,Uganda,1993,19462960.0,610000.0,0.031341583,31.341583,1.5099,,404000.0,0.020757377,207.57377,,,0.0,0.0,0.0,0.0,0.0,0.0,620000.0,0.031855382,31.855382,429000.0,0.022041868,22.041868,62000.0,0.003185538,3.185538,,,,43000.0,0.0022093249,2.2093249,22.022642,60.336004876092005,162.19487,2.7054107,0.67884845
,Uganda,1994,20125026.0,610000.0,0.030310519,30.310519,1.4806,,412000.0,0.020472024,204.72024,,,0.0,0.0,0.0,0.0,0.0,0.0,610000.0,0.030310519,30.310519,422000.0,0.020968918,20.968918,61000.0,0.003031052,3.031052,,,,43000.0,0.0021366433,2.1366433,20.95406,57.40838298756,154.31168,2.5743558,0.63859993
,Uganda,1995,20680834.0,632000.0,0.030559696,30.559696,1.5999999,,395000.0,0.01909981,190.9981,,,0.0,0.0,0.0,2000.0,9.6707896e-05,0.096707896,600000.0,0.029012369,29.012369,411000.0,0.019873474,19.873474,63000.0,0.0030462989,3.0462989,,,,44000.0,0.0021275738,2.1275738,19.847576,54.376920004176,146.19409,2.4370697,0.6117747
,Uganda,1996,21249570.0,440000.0,0.020706302,20.706302,1.1,,400000.0,0.01882391,188.2391,,,0.0,0.0,0.0,0.0,0.0,0.0,640000.0,0.030118257,30.118257,443000.0,0.02084748,20.84748,64000.0,0.0030118257,3.0118257,,,,45000.0,0.00211769,2.11769,20.834185,57.07995833331,153.42542,2.5589373,0.6346971
,Uganda,1997,21876938.0,502000.0,0.022946538,22.946538,1.2709,,395000.0,0.018055543,180.55543,,,0.0,0.0,0.0,0.0,0.0,0.0,602000.0,0.027517563,27.517563,416000.0,0.019015457,19.015457,60000.0,0.0027426141,2.7426141,,,,42000.0,0.0019198299,1.9198299,19.019178,52.107336465228,140.0393,2.3319693,0.5855161
,Uganda,1998,22537658.0,642000.0,0.028485658,28.485658,1.601,,401000.0,0.017792443,177.92443000000003,,,0.0,0.0,0.0,0.0,0.0,0.0,642000.0,0.028485658,28.485658,445000.0,0.019744731,19.744731,64000.0,0.0028396917,2.8396917,,,,45000.0,0.0019966583,1.9966583,19.719786,54.026810418636,145.26538,2.4258068,0.6064517
,Uganda,1999,23279246.0,606000.0,0.026031772,26.031772,1.6116999,,376000.0,0.016151726,161.51726000000002,,,0.0,0.0,0.0,0.0,0.0,0.0,606000.0,0.026031772,26.031772,419000.0,0.017998865,17.998865,61000.0,0.0026203599,2.6203599,,,,42000.0,0.0018041822,1.8041822,18.015305,49.35699950643001,132.67102,2.2115202,0.5554046
,Uganda,2000,24020710.0,534000.0,0.022230817,22.230817,1.3906,,384000.0,0.015986206,159.86206,,,0.0,0.0,0.0,0.0,0.0,0.0,604000.0,0.025144968,25.144968,418000.0,0.01740165,17.40165,60000.0,0.0024978446,2.4978446,,,,42000.0,0.0017484912,1.7484912,17.392906,47.651796783756005,128.09709,2.1324248,0.5356328
,Uganda,2001,24763328.0,584000.0,0.02358326,23.583260000000003,1.5013,,389000.0,0.015708713,157.08713,,,0.0,0.0,0.0,0.0,0.0,0.0,584000.0,0.02358326,23.583260000000003,403000.0,0.016274065,16.274065,58000.0,0.0023421731,2.3421731,,,,41000.0,0.0016556741,1.6556741,16.290825,44.63239681395001,119.99287,1.9958287,0.4964244
,Uganda,2002,25545098.0,590000.0,0.023096409,23.096409,1.4899,,396000.0,0.015501996,155.01996,,,0.0,0.0,0.0,1000.0,3.9146453e-05,0.039146453,589000.0,0.023057261,23.057261,407000.0,0.015932607,15.932607,59000.0,0.0023096409,2.3096409,,,,41000.0,0.0016050047,1.6050047,15.934394,43.655873536044,117.37017,1.9600625,0.48747668
,Uganda,2003,26354740.0,640000.0,0.024284057,24.284057,1.5999999,,400000.0,0.015177536,151.77536,,,0.0,0.0,0.0,1000.0,3.794384e-05,0.03794384,639000.0,0.024246113,24.246113,442000.0,0.016771177,16.771177,64000.0,0.0024284057,2.4284057,,,,45000.0,0.0017074727,1.7074727,16.761822,45.922799540772,123.42241,2.0570402,0.5193517
,Uganda,2004,27146082.0,659000.0,0.024276063,24.276063,1.5995,,412000.0,0.015177144,151.77144,,,0.0,0.0,0.0,2000.0,7.367546e-05,0.07367546,657000.0,0.024202388,24.202388,454000.0,0.01672433,16.72433,66000.0,0.00243129,2.43129,,,,46000.0,0.0016945355,1.6945355,16.734207,45.847142007282,123.22554,2.0559752,0.5114366
,Uganda,2005,27946586.0,672000.0,0.024045872,24.045872,1.5999999,,420000.0,0.0150286695,150.28669499999998,,,0.0,0.0,0.0,0.0,0.0,0.0,672000.0,0.024045872,24.045872,465000.0,0.016638884,16.638884,67000.0,0.0023974306,2.3974306,,,,47000.0,0.0016817796,1.6817796,16.630672,45.563484475872,122.48932,2.0454288,0.5139268
,Uganda,2006,28773230.0,687000.0,0.02387636,23.87636,1.6014,,429000.0,0.014909692,149.09692,,,0.0,0.0,0.0,2000.0,6.950906e-05,0.06950906,685000.0,0.023806851,23.806851,474000.0,0.016473645,16.473644999999998,69000.0,0.0023980623,2.3980623,,,,48000.0,0.0016682172,1.6682172,16.459513,45.094555713438005,121.22627,2.0238798,0.50596994
,Uganda,2007,29629804.0,732000.0,0.024704855,24.704855,1.6751,,437000.0,0.014748664,147.48664,,,0.0,0.0,0.0,1000.0,3.3749802e-05,0.0337498019999999,631000.0,0.021296125,21.296125,426000.0,0.014377415,14.377415,73000.0,0.0024637354,2.4637354,,,,51000.0,0.0017212399,1.7212398999999998,14.384544,39.409709194944,105.960266,1.763066,0.445952
,Uganda,2008,30509868.0,275000.0,0.009013477,9.013477,1.375,,200000.0,0.006555256,65.55256,,,0.0,0.0,0.0,2000.0,6.555256e-05,0.06555256,373000.0,0.012225552,12.225552,304000.0,0.009963989,9.963989,0.0,0.0,0.0,,,,11000.0,0.0003605391,0.3605391,9.947256,27.252755891856,73.2868,1.2186689,0.30206326
,Uganda,2009,31412526.0,250000.0,0.007958609,7.958609,1.3021,,192000.0,0.0061122114,61.122114,,,0.0,0.0,0.0,0.0,0.0,0.0,249000.0,0.007926774,7.926773999999999,202000.0,0.0064305556,6.4305556,0.0,0.0,0.0,,,,7000.0,0.00022284104,0.22284104,6.434172,17.627868316872,47.361786,0.78465515,0.1987793
,Uganda,2010,32341724.0,268000.0,0.00828651,8.28651,1.6048,,167000.0,0.0051636086,51.636086000000006,,,0.0,0.0,0.0,2000.0,6.183962e-05,0.06183962,266000.0,0.00822467,8.22467,207000.0,0.006400401,6.4004010000000005,1000.0,3.091981e-05,0.03091981,,,,13000.0,0.00040195754,0.40195754,6.4000015,17.534250509589,49.37001,1.3200003,0.5300001
,Uganda,2011,33295738.0,256763.0,0.0077115875,7.7115875,1.4928,,172000.0,0.0051658265,51.658265,,,0.0,0.0,0.0,2000.0,6.006775e-05,0.0600677499999999,255000.0,0.007658638,7.658638,198000.0,0.005946707,5.946707,1000.0,3.0033874e-05,0.030033874,,,,12000.0,0.0003604065,0.3604065,5.96,16.32876696,45.97,1.23,0.5
,Uganda,2012,34273296.0,244438.0,0.007132025,7.1320250000000005,1.3967999,,175000.0,0.005106016,51.06016,,,1000.0,2.9177234e-05,0.029177234,1000.0,2.9177234e-05,0.029177234,244000.0,0.0071192454,7.1192454,190000.0,0.005543675,5.543675,1000.0,2.9177234e-05,0.029177234,,,,12000.0,0.00035012682,0.35012682,5.539999,15.178079300274,42.719994,1.1399997,0.45999992
,Uganda,2013,35273568.0,227500.0,0.0064495886,6.4495886,1.3,,175000.0,0.004961222,49.61222,,,0.0,0.0,0.0,1000.0,2.834984e-05,0.02834984,227000.0,0.006435414,6.435414000000001,176000.0,0.004989572,4.989572,1000.0,2.834984e-05,0.02834984,,,,11000.0,0.00031184824,0.31184824,5.0000005,13.698631369863,38.590004,1.0300001,0.42000002
,Uganda,2014,36336544.0,236486.0,0.006508214,6.508214,1.3513,,175000.0,0.0048160884,48.160884,,,0.0,0.0,0.0,0.0,0.0,0.0,236000.0,0.0064948387,6.4948387,184000.0,0.0050637727,5.0637727,1000.0,2.7520504e-05,0.027520504,,,,11000.0,0.00030272553,0.30272553,5.0499997,13.8356154780822,38.969997,1.0399998,0.41999993
,Uganda,2015,37477356.0,236484.0,0.0063100504,6.310050400000001,1.35,,175173.0,0.004674102,46.741020000000006,,,0.0,0.0,0.0,14000.0,0.0003735589,0.3735588999999999,223000.0,0.0059502595,5.9502595,173000.0,0.004616121,4.616121,1000.0,2.668278e-05,0.02668278,,,,11000.0,0.00029351056,0.29351056,4.6000004,12.6027406958904,35.510002,0.95000005,0.38000003
,Uganda,2016,38748308.0,193461.0,0.00499276,4.99276,1.4007,,138122.0,0.0035645943,35.645943,,,0.0,0.0,0.0,5000.0,0.00012903789,0.12903789,188000.0,0.0048518246,4.8518246,146000.0,0.0037679065,3.7679065,1000.0,2.5807578e-05,0.025807578,,,,9000.0,0.00023226821,0.23226821,3.7599993,10.3013678421918,29.029995,0.77999985,0.30999994
,Uganda,2017,40127096.0,185517.0,0.004623235,4.623235,1.4264,,130061.0,0.0032412263,32.412263,,,0.0,0.0,0.0,87000.0,0.002168111,2.168111,99000.0,0.0024671608,2.4671608000000003,71000.0,0.001769378,1.769378,0.0,0.0,0.0,,,,9000.0,0.00022428735,0.22428735,1.7799991,4.8767098142466,13.699994,0.36999983,0.14999995
,Uganda,2018,41515400.0,141982.0,0.003419984,3.419984,1.4297,,99311.0,0.0023921484,23.921484,,,0.0,0.0,0.0,28000.0,0.0006744485,0.6744485,114000.0,0.002745969,2.745969,86000.0,0.0020715205,2.0715205,1000.0,2.4087447e-05,0.024087447,,,,6000.0,0.00014452469,0.1445246899999999,2.0799994,5.698628436164401,16.029997,0.42999992,0.16999996
,Uganda,2019,42949076.0,72000.0,0.0016764039,1.6764039,1.4239999,,50563.0,0.001177278,11.77278,,,0.0,0.0,0.0,2000.0,4.6566776e-05,0.046566776,70000.0,0.0016298372,1.6298372,55000.0,0.0012805864,1.2805864,0.0,0.0,0.0,,,,3000.0,6.985016e-05,0.06985016,1.2700001,3.4794522939726003,9.810001,0.26,0.11000001
,Uganda,2020,44404608.0,70000.0,0.0015764129,1.5764129,1.4229,,49194.0,0.001107858,11.07858,,,0.0,0.0,0.0,2000.0,4.504037e-05,0.04504037,68000.0,0.0015313725,1.5313725,53000.0,0.0011935699,1.1935699000000002,0.0,0.0,0.0,,,,3000.0,6.7560555e-05,0.067560555,1.18,3.23287668,9.13,0.24,0.1
,Uganda,2021,45853780.0,89773.0,0.0019578103,1.9578103,1.42,,63220.0,0.0013787304,13.787304,,,4000.0,8.723381e-05,0.08723381,2000.0,4.3616907e-05,0.0436169069999999,81000.0,0.0017664847,1.7664847,62000.0,0.001352124,1.352124,1000.0,2.1808453e-05,0.021808453,,,,4000.0,8.723381e-05,0.08723381,1.36,3.72602736,10.49,0.28,0.11
,Uganda,2022,47249588.0,96857.93,0.002049921,2.0499210000000003,1.4171,,68350.0,0.0014465734,14.465734,,,,,,,,,,,,,,,,,,,,,,,,,,,,
